Region,Subregion,State/Territory,Newspaper,Type,Format,Owner(s),President,Editor,Founded,Language,Headquarters,City,Country,Website,Political alignment,Circulation,Founder(s),Publisher,Launched,Ceased publication,Key people,Owner,Editor-in-chief,Managing editors,Campus editor,Sports editor,Photo editor,Staff writers,Sister newspapers,ISSN,General manager,Free online archives,Industry,Readership,Frequency,Founder,Year founded,Based in,Opinion editor
Africa,Algeria,,Echorouk El Yawmi,Daily newspaper,Tabloid,Echorouk Group,Ali Fodil,Nasreddine Kacem,1990,Arabic,"Abdelkader Sefir Press House, ",Algiers,Algeria,http://www.echoroukonline.com/ara/,,,,,,,,,,,,,,,,,,,,,,,,,
Africa,Algeria,,El Ayem El Djazairia,Daily newspaper,Tabloid,El Ayem El Djazairia Publishing and Distribution,,Azzedine Ben Atiya,2005,Arabic,"Cite 1200Logts BT 05-06 Bab Ezzouar el Dar el baida, ",,,http://www.elayem-dz.com,Centre,"40,000 ",,,,,,,,,,,,,,,,,,,,,,,
Africa,Algeria,,El Hayat,Daily newspaper,Tabloid,El Hayat group,,,,Arabic,,Algiers,,https://www.elhayatonline.com/category/pdf/,,,Habet Hannachi,Epcom Plus,2013.0,,,,,,,,,,,,,,,,,,,,
Africa,Algeria,,El Khabar,Daily newspaper,Tabloid,El Khabar,,kamal Djouzi,1990,"Arabic, French",Algiers,,,http://www.elkhabar.com/,Centre-left,"500,000 ",,,,,,,,,,,,,,,,,,,,,,,
Africa,Algeria,,El Massa,Daily newspaper,Other,EURL El Massa,,Abderrahmane Tigane,1985,Arabic,"Maison de la presse Abdelkader Safir, Kouba , ",,,http://www.el-massa.com/,Centre,,,,,,,,,,,,,,,,,,,,,,,,
Africa,Algeria,,El Moudjahid,Daily newspaper,Other,Algerian Government,,,1962,,Algiers,,,http://www.elmoudjahid.com/,,,,,,,,,,,,,,,,,,,,,,,,,
Africa,Algeria,,Ennahar newspaper,Daily newspaper,Tabloid,Ennahar group,,,,Arabic,,Algiers,Algeria,http://www.ennaharonline.com/pdf/,,,Anis Rahmani,El-Atheer,2007.0,,,,,,,,,,,,,,,,,,,,
Africa,Algeria,,Liberté,Daily newspaper,Tabloid,,,,1992,French,El Achour,,,http://www.liberte-algerie.com,,,,,,,,,,,,,,,,,,,,,,,,,
Africa,Algeria,,El Watan,Daily newspaper,Tabloid,SPA El Watan Presse,,Omar Belhouchet,1991,French,"Maison de La presse Tahar Djaout, 1er Mai, ",,,http://www.elwatan.com/,Centre-right,"200,000 ",,,,,,,,,,,,,,,,,,,,,,,
Africa,Angola,,Jornal de Angola,Daily newspaper,Broadsheet,Edições Novembro,,Diogo Paixão,1975,,,,,http://jornaldeangola.sapo.ao/,,,,,,,,,,,,,,,,,,,,,,,,,
Africa,Benin,,La Presse Porto-Novienne,Weekly newspaper,Other,,,,1931,French,Porto-Novo,,,,,,Vincent Moreira Pinto,,,,,,,,,,,,,,,,,,,,,,
Asia,Afghanistan,,The Daily Outlook Afghanistan,Daily newspaper,Broadsheet,Hussain Yasa,,,2004,English,Kabul,,,http://www.outlookafghanistan.net,,"10,000 daily",,Afghanistan Group of Newspapers,,,,,,,,,,,,,,,,,,,,,
Asia,Afghanistan,,Afghanistan Times Daily,Other,Other,Shafie Rahel,,,2005,English,,,,http://www.afghanistantimes.af/,Independent,,,,,,,,,,,,,,,,,,,,,,,,
Asia,Afghanistan,,Bakhtar News Agency,Other,Other,Afghanistan Government,,,1939,"Dari, English, Pashto",,,,http://www.bakhtarnews.com.af/,Pro-government,,,,,,,,,,,,,,,,,,,,,,,,
Asia,Afghanistan,,Kabul Weekly,Daily newspaper,Other,,,,1991,"English, Dari, Pashto",,,,website expired,,"10,000",,,,???,,,,,,,,,,,,,,,,,,,
Asia,Afghanistan,,The Kabul Times,Daily newspaper,Other,Government owned,,,1962,English,,,,https://thekabultimes.gov.af/,,,,,,,,,,,,,,,,,,,,,,,,,
Asia,Afghanistan,,Khaama Press,Online newspaper,Other,,,,2010,"English, Pashto, Persian",,,Afghanistan,,,,,,,,Khushnood Nabizada,,,,,,,,,,,,,,,,,,
Asia,Afghanistan,,Pajhwok Afghan News,Other,Other,,,,2003,"Dari, English, Pashto",,,,,,,,,,,Danish Karokhel,Danish Karokhel,,,,,,,,,,,,,,,,,
Asia,Afghanistan,,Tatobay,Other,Broadsheet,Halim & Zaki,,Salim Khan,2006,Pashto,Kabul,,,http://Tatobaynews.com/,Independent,"(10,000 - ",Abdul Halim Hilmyar,Mohammad Naim,,,,,Ezatullah Zaki,Sahil Khan,Maten Khan,Wakil Ahmad,Ibrahim Ayan,Akbar Aftab,,,,,,,,,,,
Asia,Afghanistan,,Yulduz,Other,Other,,,,1980,Arabic script,,,Afghanistan,,,,,,,,,,,,,,,,,,,,,,,,,,
Asia,Armenia,,Aravot,Daily newspaper,Other,,,,1994,Armenian,"Arshakunyats Avenue, Building 2a, 15th Floor, Yerevan, Armenia",,,https://www.aravot.am/,Liberal,"2,293 (as of 2011",,,,,,,Aram Abrahamyan,,,,,,,,,,,,,,,,
Asia,Armenia,,Azg,Daily newspaper,Print,,,,1991,Armenian,"Hanrapetutyan Street, Building 47, 3rd Floor, Yerevan, Armenia",,,https://azg.am/,,"3,000",Hakob Avedikian,,,,,,Hakob Avedikian,,,,,,,,,,,,,,,,
Asia,Armenia,,Hayastani Hanrapetutyun,Daily newspaper,Other,,,,1990,Armenian,Yerevan,,,http://www.hhpress.am/,,"6,000",National Assembly of Armenia,State Press Publishing,,,,,,,,,,,,,,,,,,,,,
Asia,Armenia,,Yerkir,Weekly newspaper,Other,,,,1991,,,,,,,,,,,,,,,,,,,,,,,,,,,,,,
Asia,Armenia,,Golos Armenii,Other,Other,,,,1934,Russian language,Yerevan,,,http://golosarmenii.am,,"3,500 (as of early 2000s)",,,,,,,Flora Nashkharian,,,,,,,,,,,,,,,,
Asia,Azerbaijan,,Azadliq,Other,Print,,,,1989,Azerbaijani,Baku,,,https://www.azadliq.info/,,,,,,,,,Ganimat Zahid,,,,,,,,,,,,,,,,
Asia,Azerbaijan,,Echo,Other,Other,,,,,,,,,,,,,,2004.0,,,,,,,,,,,,,,,,,,,,
Asia,Azerbaijan,,Futbol+,Other,Broadsheet,,,,1997,Azerbaijani,Baku,,,http://www.football-plus.az/,,,Vugar Mammadov,,,,,,Mahir Rustamov,,,,,,Bukmeker,,,,,,,,,,
Asia,Azerbaijan,,Birja,Weekly newspaper,Broadsheet,"BIRJA VDV, Inc.",,,1992,,Baku,,,,,"10,000 weekly",,,,,,,,,,,,,,,,,,,,,,,
Asia,Azerbaijan,,Akinchi,Weekly newspaper,Other,Hasan bey Zardabi,,,1875,Azerbaijani,Baku,,,,,300-400 (1875),,,,29 September 1877,,,Hasan bey Zardabi,,,,,,,,,,,,,,,,
Asia,Azerbaijan,,Bauer und Arbeiter,Weekly newspaper,Other,,,,1924,German language,Baku,,,,Communist,"2,200",,"German section, ",,November 1924,,,A. A. Erfurt,,,,,,,,,,,,,,,,
Asia,Azerbaijan,,Komanda,Other,Broadsheet,,,,2008,Azerbaijani,Baku,,,,,,Kanan Mastaliyev,,,13 August 2014,,,Rashad Ergun,,,,,,,,,,,,,,,,
Asia,Azerbaijan,,Lenins Weg,Other,Other,,,,1932,German language,Helenendorf,,,,Communist,,,,,1936,,,,,,,,,,,,,,,,,,,
Europe,Albania,,Agon,Other,Other,,,,2007,Albanian,Tirana,,,https://web.archive.org/web/20131207005008/http://www.gazeta-agon.al/,Independent,,,,,,,,,,,,,,,,,,,,,,,,
Europe,Albania,,Albania,Other,Tabloid,,,,1995,Albanian,Tirana,,,,,,,,,?,,,,,,,,,,,,,,,,,,,
Europe,Albania,,Bashkimi,Other,Other,,,,,Albanian,Tirana,,,,,,,,,,,,,,,,,,,,,,,,,,,,
Europe,Albania,,Ekonomia,Other,Tabloid,,,Ded Kola,1998,Albanian,Tirana,,,,,,,Albanian Economic Development Agency,,,,,,,,,,,,,,,,,,,,,
Europe,Albania,,Gazeta 55,Other,Other,Fahri Balliu,,,1997,Albanian,"Medar Shylla Street, ",,,http://gazeta55.al/,Anti-communist,,Fahri Balliu,Gazeta 55,,,,,Ilir Nikolla,,,,,Fahri Balliu,,,,,,,,,,,
Europe,Albania,,Gazeta Shqiptare,Daily newspaper,Other,Hysenbelliu Group,,,1927,Albanian,,,,http://gsh.al,Independent,,,,,,,,,,,,,,,,,,,,,,,,
Europe,Albania,,Gazeta Sot,Daily newspaper,Other,Arjan Prodani,,Anila Dodaj,2002,,Tirana,,,http://www.sot.com.al/,,,,Arjan Prodani,,,,,,Kliti Topalli,,Adriatik Balla,Din Memaj,,,,,,,,,,,,
Europe,Albania,,Gazeta Telegraf,Daily newspaper,Other,,,,2005,Albanian,Tirana,,,http://gazetatelegraf.com/,,,,,,,,,,,,,,,,,,,,,,,,,
Europe,Albania,,Iso-Polifonia,Other,Other,National Music Council of Albania,,Engjëll Serjani,,Albanian,,,,,,,National Music Council of Albania,National Music Council of Albania,,,,,Ramadan Sokoli,,,,,"Arian Avrazi, Ilir Dhuri, Lefter Cipa, Muhamet Tartari, Sejmen Gjokoli, Maksi Kulo, Thanas Dino, Shkëlqim Hajno, Shkëlqim Guçe",Festival,,,,,,,,,,
Europe,Albania,,Koha Jonë,Daily newspaper,Broadsheet,Nikoll Lesi,,,1991,Albanian,Tirana,,,http://www.kohajone.com/,"Right wing, ","7,833 (2002)",Nikoll Lesi,Nikoll Lesi,,,,,Qamil Xhani,,,Rozalb Lika,,,,,,,,,,,,,
Europe,Albania,,Korrieri,Daily newspaper,Other,,,,2001,Albanian,,,,http://www.korrieri.com,Unaffiliated center left,"8,000 (2002)",,,,2009,,,,,,,,,,,,,,,,,,,
Europe,Albania,,Mesazhieri,Other,Other,,,Suarda Dalipi,,Albanian,,,,,,,Ndue Pjetra,Ndue Pjetra,,,,,,,,,,,,,,,,,,,,,
Europe,Albania,,Metropol,Other,Other,,,Brahim Shima,2004,Albanian,,,,,,,,Ing. Alban Xhaferi,,,,,,,,,,,,,,,,,,,,,
Europe,Albania,,Panorama,Daily newspaper,Other,Irfan Hysenbelliu,,,2002,Albanian,Tirana,,,http://www.panorama.com.al/,Independent,,,,,,,,,,,,,,,vfrtgytknjn fvsasdtgf vfrtgytknjn,,,,,,,,,
Europe,Albania,,Reporteri,Other,Other,,,,1993,,Tirana,,,,,,,University of Tirana,,,,,,,,,,,,,,,,,,,,,
Europe,Albania,,Rilindja Demokratike,Daily newspaper,Other,Democratic Party of Albania,,,1991,Albanian,Tirana,,,http://www.rilindjademokratike.com/,Part of ,Present:,,,,,,,Bledi Kasmi,,,,,,,,,,,,,,,,
Europe,Albania,,Rimëkëmbja,Other,Other,,,,,Albanian,,,,,,,,,,,,,,,,,,,,,,,,,,,,,
Europe,Albania,,Shekulli,Daily newspaper,Other,Koço Kokëdhima,,,1997,Albanian,Tirana,,,http://www.shekulli.com.al/,Unaffiliated center left,9000 (2017),,,,,,,Koço Kokëdhima,,,,,,,,,,,,,,,,
Europe,Albania,,Gazeta Shqip,Other,Other,Top Channel,,,2006,Albanian,,,,http://www.gazeta-shqip.com/,Democratic,,,,,,,,,,,,,,,,,,,,,,,,
Europe,Albania,,Sporti Shqiptar,Other,Tabloid,,,,1935,Albanian,Tirana,,,http://www.sportishqiptar.com.al/,,,"Luigj Shala, Anton Mazreku",,,,,,,,,,,,,,,,,,,,,,
Europe,Albania,,Gazeta Tema,Daily newspaper,Broadsheet,Mero Baze,,,2000,Albanian,Tirana,,,http://www.gazetatema.net/,left-wing,"5,000 ",,,,,,,,,,,,,,,,,,,,,,,
Europe,Albania,,Zëri i Popullit,Daily newspaper,Broadsheet,Party of Labour of Albania,,,1942,Albanian,Tirana,,,http://zeripopullit.al/,Marxism-Leninism,"5,167 (2002)",,,,,,,Aldrin Dalipi,,,,,,,,,,,,,,,,
Europe,Albania,,Sport Ekspres,Other,Tabloid,Kujtim Llupo,,,1995,Albanian,Tirana,,,http://www.sportekspres.com,,,Fatmir Mëneri,,,,,,Blerim Jahaj,,,,,,,,,,,,,,,,
Europe,Albania,,Tirana Times,Weekly newspaper,Other,,,,2005,English,Tirana,,,http://www.tiranatimes.com/,Independent,,,,,,,,Jerina Zaloshnja,,,,,,,,,,,,,,,,
Europe,Albania,,Laiko Vima,Biweekly newspaper,Other,,,,1945,Greek,Gjirokastër,,,http://laikovima.com/,,,,,,,,,,,,,,,,,,,,,,,,,
Europe,Albania,,Gazeta Sportive,Online newspaper,Other,,,,,,,,,http://www.gazetasportive.al,,,,,,,,,,,,,,,,,,,,,,,,,
Europe,Albania,,Gazeta Celesi,Online newspaper,Other,,,,,,,,,http://www.celesi.com,,,,,,,,,,,,,,,,,,,,,,,,,
Europe,Armenia,,Aravot,Daily newspaper,Other,,,,1994,Armenian,"Arshakunyats Avenue, Building 2a, 15th Floor, Yerevan, Armenia",,,https://www.aravot.am/,Liberal,"2,293 (as of 2011",,,,,,,Aram Abrahamyan,,,,,,,,,,,,,,,,
Europe,Armenia,,Azg,Daily newspaper,Print,,,,1991,Armenian,"Hanrapetutyan Street, Building 47, 3rd Floor, Yerevan, Armenia",,,https://azg.am/,,"3,000",Hakob Avedikian,,,,,,Hakob Avedikian,,,,,,,,,,,,,,,,
Europe,Armenia,,Hayastani Hanrapetutyun,Daily newspaper,Other,,,,1990,Armenian,Yerevan,,,http://www.hhpress.am/,,"6,000",National Assembly of Armenia,State Press Publishing,,,,,,,,,,,,,,,,,,,,,
Europe,Armenia,,Yerkir,Weekly newspaper,Other,,,,1991,,,,,,,,,,,,,,,,,,,,,,,,,,,,,,
Europe,Armenia,,Golos Armenii,Other,Other,,,,1934,Russian language,Yerevan,,,http://golosarmenii.am,,"3,500 (as of early 2000s)",,,,,,,Flora Nashkharian,,,,,,,,,,,,,,,,
North America,Antigua and Barbuda,,Outlet,Other,Other,,,Tim Hector,1968,,"Saint John's, Antigua and Barbuda",Saint John's,Antigua and Barbuda,,Antigua Caribbean Liberation Movement,"5,000",,,,,,,,,,,,,,,,,,,,,,,
North America,Bahamas,,The Nassau Guardian,Daily newspaper,Other,"The Nassau Guardian, LLC",,,1844,,"Nassau, Bahamas",,The Bahamas,http://www.thenassauguardian.com,,,Edwin Charles Moseley,,,,,,,,,,,,,,,,,,,,,,
North America,United States,Arizona,Arizona Daily Star,Daily newspaper,Broadsheet,Lee Enterprises,,,1877,,4850 South Park Avenue,,United States,http://www.tucson.com/,,"96,682 weekdays",,,,,,,,,,,,,,0888-546X,,,,,,,,,
North America,United States,Arizona,Arizona Daily Sun,Daily newspaper,Other,Lee Enterprises,,,,English,"Flagstaff, Arizona",,,http://www.azdailysun.com,,,,,,,,,,,,,,,,1054-9536,,,,,,,,,
North America,United States,Arizona,The Arizona Republic,Daily newspaper,Broadsheet,Gannett,,Greg Burton ,1890,,200 East ,,,https://www.azcentral.com,,"130,000",,,,,,,,,,,,,,0892-8711,,,,,,,,,
North America,United States,Arizona,Casa Grande Dispatch,Other,Broadsheet,Casa Grande Valley Newspapers Inc.,,,1912,,200 West Second Street,,,http://www.trivalleycentral.com,,"8,313 Daily",,,,,,,,,,,,,,,,,,,,,,,
North America,United States,Arizona,The Daily Courier,Daily newspaper,Broadsheet,Western News & Info,,Tim Wiederaenders,1882,,Prescott,,,http://www.dcourier.com,,"14,963 Daily",,Kit K. Atwell,,,,,,,,Brian M. Bergner Jr.,,,,,,,,,,,,,
North America,United States,Arizona,The Daily Territorial,Daily newspaper,Other,Wick Communications,,David Hatfield ,1966,,"PO Box 27087,",,,http://dailyterritorial.com,,424,,,,,,,,,,,,,,,,,,,,,,,
North America,United States,Arizona,The Kingman Daily Miner,Other,Broadsheet,Western News & Info,,,1882,,"3015 Stockton Hill Road, ",,,http://kingmandailyminer.com/,,,,,,,,,,,,,,,,,,,,,,,,,
North America,United States,Arizona,Mohave Valley Daily News,Other,Other,Brehm Communications,,,,English,"2435 Miracle Mile, ",,,http://www.mohavedailynews.com/,,,,News West Publishing,,,,,,,,,,,,,,,,,,,,,
North America,United States,Arizona,Sierra Vista Herald,Other,Other,Wick Communications,,Timothy J. Woods,1955,English,102 Fab Avenue,,,http://myheraldreview.com/,,"6,500",,Jennifer L. Sorenson,,,,,,,,,,,,8750-3891,,,,,,,,,
North America,United States,Arizona,Yuma Sun,Daily newspaper,Other,"R.I.S.N. Operations, Inc.",Melanie Walsh,,1896,English,"Yuma, Arizona",,,http://www.yumasun.com,,,Mulford Winsor,,,,,,,,,,,,,1538-0955,,,,,,,,,
North America,United States,Arizona,Ahwatukee Foothills News,Weekly newspaper,Broadsheet,Times Media Group,,Paul Maryniak,1976,,"1620 W. Fountainhead Parkway, Ste. 219",,,http://ahwatukee.com,,"28,000",,Steve Strickbine,,,,,,,,,,,,,,,,,,,,,
North America,United States,Arizona,Ajo Copper News,Weekly newspaper,Tabloid,,,Gabrielle David,1916,,Ajo,,,http://www.cunews.info/,,,,"H.J. ""Hop"" David",,,,,,,,,,,,,,,,,,,,,
North America,United States,Arizona,Arizona Business Gazette,Weekly newspaper,Other,Gannett,,Kimberly Quillen ,,,"PO Box 194, ",,,http://abgnews.com,,1208,,,,,,,,,,,,,,,,,,,,,,,
North America,United States,Arizona,Arizona Capitol Times,Weekly newspaper,Tabloid,Gannett,,,1900,,"1835 W. Adams Street, Phoenix, AZ",,,http://www.azcapitoltimes.com,,,,Luige del Puerto,,,,,,,,,,,,,,,,,,,,,
North America,United States,Arizona,Arizona City Independent,Weekly newspaper,Other,Casa Grande Valley Newspapers Inc.,,Donovan M. Kramer,1876,,"200 W 2nd St 
Casa Grande, AZ 85122-4409, United States",,,http://www.itemlive.com,,"Required. Self-reported number OK, Third-party reference better",,Donovan M. Kramer,,,,,,,,,,,,,,,,,,,,,
North America,United States,Arizona,Arizona Range News,Weekly newspaper,Other,,,,1882,,"Willcox, Arizona",,,https://www.willcoxrangenews.com,,"2,650",,Wick Communications,,,,,,,,,,,,,,,,,,,,,
North America,United States,Arizona,Arizona Silver Belt,Weekly newspaper,Other,News Media Corporation,,,1878,,"Globe, Arizona",,,http://www.silverbelt.com,,"8,800",,,,,,,,,,,,,,,,,,,,,,,
North America,United States,Arizona,Bisbee Observer,Weekly newspaper,Other,Laura Swan,,,1985,,"Bisbee, AZ",,,http://thebisbeeobserver.com,,"Required. Self-reported number OK, Third-party reference better",,,,,,,,,,,,,,,,,,,,,,,
North America,United States,Arizona,Chino Valley Review,Other,Other,,,Cheryl Hartz,,,"Chino Valley, Arizona, United States",,,https://www.dcourier.com/news/chino-valley-review/,,"6,305",,"Kelly Soldwedel  *  Western News & Info, Inc.",,,,,,,,,,,,,,,,,,,,,
North America,United States,Arizona,East Valley Tribune,Weekly newspaper,Tabloid,Times Media Group,,Paul Maryniak,1891,,"1620 W. Fountainhead Parkway, Ste. 219",,,http://www.eastvalleytribune.com/,,"170,000",,Steve Strickbine,,,,,,,,,,,,,,,,,,,,,
North America,United States,Arizona,Fountain Hills Times,Weekly newspaper,Broadsheet,Leslie Alan Cruikshank,,Ryan Winslett,1974,English,"16508 E. Laser Drive, Suite 101, Fountain Hills, AZ",,,http://www.fhtimes.com/,,"3,000",,Alan Cruikshank,,,,,,,,,,,,,,,,,,,,,
North America,United States,Arizona,Inside Tucson Business,Other,Tabloid,10/13 Communications,,David Hatfield,1990,English,P.O. Box 27087,,,http://www.insidetucsonbusiness.com,,,,Thomas P. Lee,,,,,,,,,,,,1069-5184,,,,,,,,,
North America,United States,Arizona,Jewish News of Greater Phoenix,Weekly newspaper,Other,Phoenix Jewish News Inc.,,Rich Solomon,1948,,"1625 East Northern Avenue, Phoenix, Arizona",,,http://www.jewishaz.com/,,"5,950 (2010)",,,,,,,,,,,,,,1070-5848,,,,,,,,,
North America,United States,Arizona,Kingman Standard,Weekly newspaper,Broadsheet,,,,,,"221 E. Beale Street, ",,,http://www.thestandardnewspaper.net/,,,,,,,,,,,,,,,,,,,,,,,,,
North America,United States,Arizona,Lake Powell Chronicle,Weekly newspaper,Other,News Media Corporation,,,,English,"Page, Arizona",,,http://www.lakepowellchronicle.com,,,,,,,,,,,,,,,,,,,,,,,,,
North America,United States,Arizona,Navajo-Hopi Observer,Weekly newspaper,Broadsheet,Western News & Info,,,,,"2224 E. Cedar, Suite 2",,,http://navajohopiobserver.com/,,,,Doug Wells,,,,,,,,,,,,,,,,,,,,,
North America,United States,Arizona,Navajo Times,Other,Other,"Navajo Times Publishing Co., Inc.",,,1959,English,Highway 264 & Route 12,,,http://www.navajotimes.com/,,,,,,,,,Duane A. Beyal,,,,,,,0470-5106,,,,,,,,,
North America,United States,Arizona,Nogales International,Other,Broadsheet,Wick Communications,,Manuel Coppola,1925,,268 W. View Point Drive,,,http://www.nogalesinternational.com,,,,Manuel Coppola,,,,,,,,,,,,,,,,,,,,,
North America,United States,Arizona,The Northwest Explorer,Weekly newspaper,Tabloid,10/13 Communications,,Thelma Grimes,1993,English,"7225 N. Mona Lisa Road, #125",,,http://www.explorernews.com,,,,Ryan Kedzierski,,,,,,,,,,,,,,,,,,,,,
North America,United States,Arizona,Phoenix New Times,Other,Other,Voice Media Group,,David Hudnall,1970,,1201 E. Jefferson,,,http://phoenixnewtimes.com,,"79,440 (2013)",,Kurtis Barton,,,,,,,,,,,,0279-3962,,,,,,,,,
North America,United States,Arizona,Sedona Red Rock News,Other,Broadsheet,Larson Newspapers,,Christopher Fox Graham,1963,,298 Van Deren Road ,,,http://www.redrocknews.com,,,,Robert B. Larson,,,,,,,,,,,,1044-7555,,,,,,,,,
North America,United States,Arizona,Sonoran News,Weekly newspaper,Other,,,Don Sorchych,,,"6702 E. Cave Creek Road, Suite 3., ",,,http://sonorannews.com/,Right-wing,"37,000",,Don Sorchych,,,,,,,,,,,,,,,,,,,,,
North America,United States,Arizona,Tucson Weekly,Biweekly newspaper,Tabloid,Thirteenth Street Media,,,1984,,Tucson,,,http://www.tucsonweekly.com/,,"33,000 (2019)",,,,,,,,,,,,,,0742-0692,,,,,,,,,
North America,United States,Arizona,Verde Independent,Other,Other,Babette Cubitt,,Dan Engler,1948,,,,,https://www.verdenews.com,,"3,000",,Babette Cubitt,,,,,,,,,,,,,,,,,,,,,
North America,United States,Arizona,La Voz,Weekly newspaper,Broadsheet,Gannett Company,,Elvia Díaz,2000,Spanish,"Phoenix, Arizona",,,http://lavozarizona.com,,,,,,,,,,,,,,,,,,,,,,,,,
North America,United States,Arizona,West Valley View,Other,Other,Times Media Group,,Niki D'Andrea,1986,English,"Avondale, Arizona",,,http://www.westvalleyview.com,,"75,000+ (as of Aug. 31, 2016)",Elliott Freireich,Steve T. Strickbine,,,,,,Christina Fuoco-Karasinski,,,,,,,,,,,,,,,
North America,United States,Arizona,The Catholic Sun,Monthly newspaper,Tabloid,Diocese of Phoenix,,Robert DeFrancesco,1985,,400 E. Monroe,,,http://www.catholicsun.org/,Other,"115,000 ",,Bishop Thomas J. Olmsted,,,,,,,,,,2,,1533-0230,,,,,,,,,
North America,United States,Arizona,the Noise,Monthly newspaper,Tabloid,Weavel Inc,,Charles Seiverd,1993,English,POB 1637,,,http://thenoise.us,,"45,000",,Charles Seiverd,,2017,,,,,,,,,,,,,,,,,,,
North America,United States,Arizona,The Tombstone Epitaph,Other,Other,"Tombstone Epitaph, Inc.",,Mark Boardman,1880,English,"The Tombstone Epitaph, P.O. Box 1880, Tombstone, AZ 85638",,,http://www.tombstoneepitaph.com,,7000,,,,,,,,,,,,,,2157-6777,,,,,,,,,
North America,United States,Arizona,Valley India Times,Monthly newspaper,Other,,,,2000,,"Chandler, Arizona",Chandler,United States,http://www.azindiatimes.com/,,,,,,2016,,,,,,,,,,,,,,,,,,,
North America,United States,Arizona,Arizona Daily Wildcat,Other,Tabloid,Arizona Student Media,,,1899,,Tucson,,,http://wildcat.arizona.edu/,,,,,,,,,,,,,,,,,,,,,,,,,
North America,United States,Arizona,The State Press,Other,Compact,Arizona State University,,,1906,,Matthews Center,,,http://www.statepress.com,,"13,500 Daily",,,,,,,,,,,,,,,,,,,,,,,
North America,United States,Arizona,Ádahooníłígíí,Other,Other,"Navajo Agency,",,Robert W. Young,1943,Navajo,,,,,,,,,,1957,,,,,,,,,,,,,,,,,,,
North America,United States,Arizona,Apache Junction News,Weekly newspaper,Other,Chuck & Pattie Baker,,,1997,English,"Apache Junction
",,,http://www.ajnews.com/,,"35,000",,,,,,,,,,,,,,,,,,,,,,,
North America,United States,Arizona,The Bachelor's Beat,Other,Tabloid,Jerry Jay Evenson,,,1964,,"Phoenix, Arizona",,,http://www.TheBeatAZ.com,,,,,,2008,,,,,,,,,,,,,,,,,,,
North America,United States,Arizona,Phoenix Gazette,Other,Other,"Central Newspapers, Inc. (1946–1997)",,,1881,English,Phoenix,,,,,,,,,1997,,,,,,,,,The Arizona Republic,,,,,,,,,,
North America,United States,Arizona,Tucson Citizen,Daily newspaper,Broadsheet,Gannett,,Jennifer Boice (final print-edition editor),1870,,4850 South Park Avenue,,,http://tucsoncitizen.com,,"17,000 (May 2009)",,vacant,,"May 16, 2009 (print)",,,,,,,,,,0888-5478,,,,,,,,,
North America,United States,Arizona,Weekly Arizonian,Weekly newspaper,Other,,,,1859,English,"Tucson, Arizona",,,,,,Edward Ephraim Cross,,,1871,,,,,,,,,,,,,,,,,,,
North America,United States,Arizona,The Winslow Mail,Weekly newspaper,Broadsheet,Required,,Recommended,1894,,"Winslow, Arizona, ",,,,,,,J.F. Wallace ,,2007,,,,,,,,,,,,,,,,,,,
North America,United States,Arizona,Arizona Daily Independent,Online newspaper,Other,,,,,,,,,https://arizonadailyindependent.com/,,,,,,,,,,,,,,,,,,,,,,,,,
Oceania,Australia,,The Australian,Other,Broadsheet,News Corp Australia,,Michelle Gunn,1964,,"2 Holt Street, ",,Australia,https://www.theaustralian.com.au,,"810,000 (print); 2,394,000 (cross-platform) – Sep 2019",,,,,,,Chris Dore,,,,,,,1038-8761,,,,,,,,,
Oceania,Australia,,The Australian Financial Review,Other,Tabloid,Nine Entertainment Co.,,Paul Bailey,1951,,Sydney,,,http://www.afr.com,,"Mon–Fri: 47,200",,Nine Publishing,,,,,,,,,,,,,,,,,,,,,
Oceania,Australia,,Guardian Australia,Other,Other,Guardian Media Group,,,2013,English,"Foster Street, ",,,https://www.theguardian.com/au,,,,,,,,,Lenore Taylor,,,,,,The Guardian,,,,,,,,,,
Oceania,Australia,,The Saturday Paper,Weekly newspaper,Compact,Schwartz Media,,Maddison Connaughton,2014,English,Carlton,,Australia,https://www.thesaturdaypaper.com.au,,"119,000 (March 2020)",,,,,,,,,,,,,,2203-3092,,,,,,,,,
Oceania,Australia,,Green Left,Biweekly newspaper,Compact,Independent,,,1990,English,22 Mountain St ,,,https://www.greenleft.org.au,,,,Green Left Association,,,,,,,,,,,,,,,,,,,,,
Oceania,Australia,,Koori Mail,Biweekly newspaper,Other,Bunjum Co-operative; Buyinbin Inc; Kurrachee Co-operative; Bundjalung Tribal Society; Nungera Co-operative,,Rudi Maxwell,1991,,Lismore,,,http://www.koorimail.com,,,,,,,,,,,,,,,,1038-8516,,,,,,,,,
Oceania,Australia,,Red Flag,Other,Other,Socialist Alternative,,,2013,English,,Melbourne,Australia,https://redflag.org.au,Far-left,,,,,,,,,,,,,,,,,,,,,,,,
Oceania,Australia,,Barrier Daily Truth,Daily newspaper,Tabloid,Barrier Industrial Council,,Michael Murphy,1897,,"179 Blende Street,",,,https://bdtruth.com.au/,,,,,,,,,,,,,,,,,,,,,,,,,
Oceania,Australia,,The Barrier Miner,Daily newspaper,Tabloid,"Henry Fenton, Augustus Sydney Knight and George Alfred Mills, 1888-[1974]",,Samuel Prior,1888,,,,,"<span style=""white-space: nowrap;"">[<i><a href=""/wiki/Wikipedia:Link_rot"" title=""Wikipedia:Link rot""><span title="" Dead link since April 2020"">dead link</span></a></i>]</span>",,,,,,,,,,,,,,,,,,,,,,,,,
Oceania,Australia,,The Age,Daily newspaper,Compact,Nine Entertainment Co.,,Was Alex Lavelle until June 2020,1854,,Melbourne,,,http://www.theage.com.au/,,"Weekday 88,000",,,,,,,,,,,,,,0312-6307,,,,,,,,,
Oceania,Australia,,The Epoch Times,Other,Broadsheet,Epoch Media Group,,,2000,"Multiple, mainly Chinese and English",Manhattan,,,https://www.theepochtimes.com/,Right-wing,"1,314,375 (2012, unaudited)",John Tang,Epoch Media Group,,,,,,,,,,,,,,,,,,,,,
Oceania,Australia,,Vision China Times,Other,Other,,,,,,,,,https://www.visiontimes.com.au,,,,,,,,,,,,,,,,,Maree Ma,,,,,,,,
Oceania,Australia,,Herald Sun,Daily newspaper,Tabloid,The Herald and Weekly Times,,Damon Johnston,The Port Phillip Herald,,"The Herald and Weekly Times Tower, 40 City Road,",,,http://www.heraldsun.com.au,,,,,,,,,,,,,,,,,,,,,,,,,
Oceania,Australia,,Sameway Magazine,Other,Tabloid,Rejoice Chinese Christian Communication Centre Inc,,,2004,"Traditional Chinese, English","1f/1 Walkers Rd,",,,http://www.sameway.com.au,,"17,000",,Creative Every Day,,,,,Raymond Chow,,,,,,,1839-7913,,,,,,,,,
Oceania,Australia,,The Advertiser,Daily newspaper,Tabloid,News Corp Australia,,Matt Deighton,1858,,"31 Waymouth Street,",,,http://www.adelaidenow.com.au/,,,Rev John Henry Barrow,,,,,,Matt Deighton,,,,,,,,,,,,,,,,
Oceania,Australia,,Bendigo Advertiser,Other,Tabloid,Australian Community Media,,,1853,,"67–71 Williamson Street, ",,,http://www.bendigoadvertiser.com.au,,,,,,,,,,,,,,,,,,,,,,,,,
Oceania,Australia,,Castlemaine Mail,Weekly newspaper,Compact,Elliott Midland Newspapers Pty Ltd,,Lisa Dennis,1854,,"29 Templeton Street, ",,,https://www.castlemainemail.com.au/,,"3,000",,,,,,,,,,,,,,1448-935X,,,,,,,,,
Oceania,Australia,,Colac Herald,Other,Tabloid,Greenstone Media Pty Ltd,,,1868,,"37-41 Bromfield Street, ",,,http://www.colacherald.com.au//,,,,,,,,,,,,,,,,,,,,,,,,,
Oceania,Australia,,The Courier,Daily newspaper,Compact,,,Eugene Duffy,1867,,Ballarat,,,http://www.thecourier.com.au/,,Mon-Fri: 9200,Robert Clark,Australian Community Media,,,,,,,,,,,,,,,,,,,,,
Oceania,Australia,,Geelong Advertiser,Daily newspaper,Tabloid,News Corp Australia,,Elise Potter,1840,,"126 Little Malop Street,",,,http://www.geelongadvertiser.com.au/,,,,,,,,,,,,,,,,,,,,,,,,,
Oceania,Australia,,Hamilton Spectator,Other,Other,Hamilton Spectator Partnership Pty Ltd,,Wayne Drew,1859,,"59 Gray Street,",,,http://www.spec.com.au/,,,,Richard Leopold Jacobus Beks,,,,,,,,Pat Koopman,,,,,,,,,,,,,
Oceania,Australia,,Midland Express,Weekly newspaper,Compact,Elliott Midland Newspapers Pty Ltd,,Angela Crawford,1979,,"3 Market Street, ",,,https://www.midlandexpress.com.au/,,"22,000 ",,,,,,,,,,,,,,,,,,,,,,,
Oceania,Australia,,The North Central Review,Weekly newspaper,Tabloid,The North Central Review Pty Ltd,,Lauren Duffy,2004,,3/87 Sydney Street,,,http://ncreview.com.au,,,,,,,,,,,,,,,,,,,,,,,,,
Oceania,Australia,,Portland Observer,Weekly newspaper,Other,,,Michael Leighton,,,4747 NE Martin Luther King Jr. Blvd,Portland,United States,http://portlandobserver.com/,,,Alfred L. Henderson,Mark Washington,,,,,,,,,,,,,,https://oregonnews.uoregon.edu/lccn/sn83025151/issues/first_pages/,,,,,,,
Oceania,Australia,,Shepparton News,Other,Other,McPherson Media Group,,Cameron Whitely,1887,English,"7940 Goulburn Valley Hwy, Shepparton, Vic, 3630",,,https://www.sheppnews.com,,,,,,,,,,,,,,,,,,,,,,,,,
Oceania,Australia,,Sunraysia Daily,Daily newspaper,Tabloid,Elliott Newspaper Group,,,1920,,"Deakin Ave, Mildura",,,http://www.sunraysiadaily.com.au,,,,,,,,,,,,,,,,,,,,,,,,,
Oceania,Australia,,Brisbane Times,Online newspaper,Online,Nine Entertainment Co.,,Danielle Cronin,2007,English,Brisbane,,,http://www.brisbanetimes.com.au,,,,,,,,,,,,,,,,,,,,,,,,,
Oceania,Australia,,The Courier-Mail,Daily newspaper,Tabloid,News Corp Australia,,Sam Weir,1846,English,Brisbane,,,http://www.couriermail.com.au,,"172,801 Monday–Friday",,Queensland Newspapers,,,,,,,,,,,,1322-5235,,,,,,,,,
Oceania,Australia,,Quest Community Newspapers,Other,Other,,,,1985,,Brisbane,,,http://questnews.com.au/,,,,,,,,,,,,,,,,,,,Media,,,,,,
Oceania,Australia,,Stanthorpe Border Post,Other,Tabloid,News Corp Australia,,,1872,English,Stanthorpe,,,http://www.stanthorpeborderpost.com.au,,"1,793 Tuesday & Thursday",,,,,,,,,,,,,,,,,,,,,,,
Oceania,Australia,,NewsMail,Daily newspaper,Tabloid,News Corp Australia,,Megan Sheehan,1925,English,Bundaberg,,,http://www.news-mail.com.au,,Monday - Friday: 6500,,,,,,,,,,,,,,,,,,,,,,,
Oceania,Australia,,The Cairns Post,Daily newspaper,Tabloid,News Limited,,Jennifer Spilsbury,1883,,Cairns,,,http://www.cairnspost.com.au/,,,,,,,,,,,,,,,,,,,,,,,,,
Oceania,Australia,,Chinchilla News and Murilla Advertiser,Weekly newspaper,Other,APN News & Media,,,1907,,,,,https://www.chinchillanews.com.au,,,John Hay Braddock,,,,,,,,,,,,,,,,,,,,,,
Oceania,Australia,,Daily Mercury,Other,Tabloid,News Corp Australia,,Rae Wilson,1867,English,Mackay,,,http://www.dailymercury.com.au/,Centre-Left,"16,045 Monday-Friday ",,,,,,,,,,,,,,,,,,,,,,,
Oceania,Australia,,The Observer,Other,Tabloid,News Corp Australia,,,1867,English,Gladstone,,,http://www.gladstoneobserver.com.au,,"7,171 Monday-Friday",,,,,,,,,,,,,,,,,,,,,,,
Oceania,Australia,,Gold Coast Bulletin,Daily newspaper,Other,News Corp Australia,,,,English,,Southport,Australia,http://goldcoast.com.au/,,,Patrick Joseph McNamara,,,,,,,,,,,,,,,,,,,,,,
Oceania,Australia,,Gold Coast Sun,Weekly newspaper,Other,,,,,,,,,http://www.goldcoast.com.au/,Centre-Left,,,,,,,,,,,,,,,,,,,,,,,,
Oceania,Australia,,The Gympie Times,Other,Tabloid,News Corp Australia,,Shelley Strachan,1867,English,Gympie,,,http://www.gympietimes.com.au,,"5,644 Monday-Friday",,,,,,,,,,,,,,,,,,,,,,,
Oceania,Australia,,The Morning Bulletin,Other,Tabloid,News Corp Australia,,Frazer Pearce,1861,English,Rockhampton,,,http://www.themorningbulletin.com.au,,"14,700 Monday–Friday ",,,,,,,,,,,,,,,,,,,,,,,
Oceania,Australia,,The Queensland Times,Other,Tabloid,APN News & Media,,,1859,English,"Ipswich, Queensland",,,http://www.qt.com.au,,"10,804 Monday-Friday",,,,,,,,,,,,,,,,,,,,,,,
Oceania,Australia,,Sunshine Coast Daily,Daily newspaper,Tabloid,News Corp Australia,,,,English,Newspaper Place and Dalton Drive,,,https://www.sunshinecoastdaily.com.au/,,"11,885 Monday–Friday",,,,,,,,,,,,,,,,,,,,,,,
Oceania,Australia,,Tablelands Advertiser,Weekly newspaper,Tabloid,News Limited,,Pasco Rogato,,,"Mareeba, Queensland",,,http://www.newsspace.com.au/tablelands_advertiser,,,,,,,,,,,,,,,,,,,,,,,,,
Oceania,Australia,,The Toowoomba Chronicle,Other,Tabloid,News Corp Australia,,Steve Etwell,1922,English,Toowoomba,,,http://www.thechronicle.com.au,,"22,808 Monday-Friday",,,,,,,,,,,,,,,,,,,,,,,
Oceania,Australia,,Townsville Bulletin,Other,Tabloid,News Corp Australia,,Craig Warhurst,1881,English,Townsville,,,http://www.townsvillebulletin.com.au/,,"84,000 Monday-Friday",,Queensland Newspapers,,,,,,,,,,,,,,,,,,,,,
Oceania,Australia,,Warwick Daily News,Other,Tabloid,News Corp Australia,,,1919,English,Warwick,,,http://www.warwickdailynews.com.au,,"3,218 Monday-Friday",,,,,,,,,,,,,,,,,,,,,,,
Oceania,Australia,,Fremantle Herald,Other,Other,Andrew Smith,,,1989,,corner of ,,,http://www.fremantleherald.com/,,,,,,,,,,,,,,,Melville City Herald,,,,,,,,,,
Oceania,Australia,,The Sunday Times,Other,Tabloid,Seven West Media,,Michael Beach,1897,,"50 Hasler Road, ",Perth,Australia,http://www.perthnow.com.au,,"184,486 (as of June 2016)",,,,,,,,,,,,,The West Australian,1442-9527,,,,"496,000",,,,,
Oceania,Australia,,The West Australian,Daily newspaper,Tabloid,Seven West Media,,Anthony De Ceglie,1833,,"50 Hasler Road,",,,http://www.thewest.com.au/,Centre-right,,,,,,,,,,,,,,,0312-6323,,,,,,,,,
Oceania,Australia,,Albany Advertiser,Biweekly newspaper,Other,Seven West Media,,,1888,,,Perth,Australia,,,,"Lancel Victor De Hamel, William Forster",,,,,,,,,,,,,,,,,,,,,,
Oceania,Australia,,The Bunbury Herald,Weekly newspaper,Other,,,,1892,,,Bunbury,Australia,,,,Stephen J Cusack,,,1929,,,,,,,,,,2200-4181,,,,,,,,,
Oceania,Australia,,Coolgardie Miner,Other,Other,,,John Drake (1894-),1894,,,,,,,,William Edward Clare,,,,,,,,,,,,,,,,,,,,,,
Oceania,Australia,,Geraldton Guardian,Other,Other,,,"H Allerton Cowper, R M Cochrane",1906,,,Geraldton,Australia,,,,"Edward Constantine, Frederick Gardner",,,,,,,,,,,,,1443-3346,,,,,,,,,
Oceania,Australia,,Gnowangerup Star,Other,Other,,,Margaret Walker,1915,English,,,Australia,,,,Augustine Walker,,,2003,,,,,,,,,,,,,,,,,,,
Oceania,Australia,,Great Southern Herald,Other,Other,,,,1901,,,Katanning,Australia,,,,,,,,,,,,,,,,,,,,,,,,,,
Oceania,Australia,,Kalgoorlie Miner,Other,Other,Hocking & Co. Pty Ltd,,,1895,English,Kalgoorlie,,,https://www.kalminer.com.au,,,Sidney Hocking,,,,,,,,,,,,,1322-6681,,,,,,,,,
Oceania,Australia,,Adelaide Review,Other,Other,,,Amanda Pepe,,English,,,,http://www.adelaidereview.com.au,,"22,000 (2018)",,Opinion Media,,,,,,,,,,,,,,,,,Monthly,Christopher Pearson,1985.0,Adelaide,
Oceania,Australia,,The Border Watch,Other,Tabloid,Scott Group of Companies,,Brett Kennedy,1861,English,81 Commercial Street East,Mount Gambier,Australia,http://www.borderwatch.com.au/,,,A F Laurie,,,,,,,,,Trevor Jackson,,,,1329-5195,,,,,,,,,
Oceania,Australia,,The Recorder,Weekly newspaper,Other,Australian Community Media,,,1885,English,,Port Pirie,Australia,http://www.portpirierecorder.com.au,,,Alfred Edward South and Charles Meyrick,,,,,,,,,,,,,,,,,,,,,,
Oceania,Australia,,The Mercury,Daily newspaper,Tabloid,News Corp Australia,,Jenna Cairney,1854,,"Level 1, 2 Salamanca Square, ",,,http://www.themercury.com.au/,,"44,317 (Weekdays)",,,,,,,,,,,,,,1039-9992,,,,,,,,,
Oceania,Australia,,The Advocate,Daily newspaper,Tabloid,Australian Community Media,,Luke Sayer,1890,,"54 Mount St,",,,http://www.theadvocate.com.au/,,,,,,,,,,,,,,,,,,,,,,,,,
Oceania,Australia,,The Examiner,Daily newspaper,Tabloid,Australian Community Media,,Courtney Greisbach,1842,,"71-75 Paterson Street,",,,http://www.examiner.com.au,,,,,,,,,,Mark Baker,,,,,,,,,,,,,,,
Oceania,Australia,,Northern Territory News,Daily newspaper,Tabloid,News Corp Australia,,Matt Williams,1952,,Printers Place ,,,http://www.ntnews.com.au/,,,,,,,,,,,,,,,,,,,,,,,,,
Oceania,Australia,,Centralian Advocate,Other,Tabloid,News Corp Australia,,,1947,,Gap Road ,,,http://www.alicenow.com.au/,,,,,,,,,,,,,,,,,,,,,,,,,
Oceania,Australia,,The Canberra Times,Daily newspaper,Compact,Australian Community Media,,,1926,,"9 Pirie Street, ",,,http://www.canberratimes.com.au/,,,,,,,,,,,,,,,,,,,,,,,,,
Oceania,Australia,,The Good Neighbour,Monthly newspaper,Broadsheet,,,Australian Department of Immigration,1950,English,Canberra,,,,,,,,,,,,,,,,,,,,,,,,,,,,
Oceania,Fiji,,Fiji Focus,Other,Other,Government of Fiji,,,2009,English,Suva,,,http://www.fiji.gov.fj/index.php?option=com_docman&task=cat_view&gid=63&Itemid=158&limitstart=55,pro-government,,,Ministry of Information,,,,,,,,,,,,,,,,,,,,,
Oceania,Fiji,,Fiji Sun,Daily newspaper,Tabloid,Sun (Fiji) News Pte Limited,,,1999,English,"20 Gorrie Street, ",,,http://www.fijisun.com.fj/,,"Up to 30,000",,Peter Lomas,,,,,Nemani Delaibatiki,,,Leone Cabenatabua,,,,,,,,,,,,,
South America,Argentina,,Ámbito Financiero,Daily newspaper,Other,Editorial Amfin S.A.,,,1976,Spanish,Buenos Aires,,,http://www.ambito.com/,Liberal,"100,000",,Orlando Vignatti,,,,,,,,,,,,,,,,,,,,,
South America,Argentina,,Argentinisches Tageblatt,Daily newspaper,Broadsheet,,,,1878,,Buenos Aires,,,http://www.tageblatt.com.ar/,Centre,"15,000",,Roberto Alemann,,,,,,,,,,,,,,,,,,,,,
South America,Argentina,,Buenos Aires Herald,Daily newspaper,Other,Editorial Amfin S.A.,,Sebastián Lacunza,1876,English,SA The Buenos Aires Herald San Juan 141 1063 Buenos Aires Argentina,,,http://web.archive.org/web/20170201102216/http://www.buenosairesherald.com/,,"29,000",,,,2017,,,,,,,,,,,,,,,,,,,
South America,Argentina,,Clarín,Daily newspaper,Tabloid,Clarín Group,,Ricardo Kirschbaum,1945,,Buenos Aires,,,http://www.clarin.com/,Social liberalism,"270,444 (Print, 2012)",,,,,,,,,,,,,,,,,,,,,,,
South America,Argentina,,Crónica,Daily newspaper,Other,Alta Densidad S.R.L.,,,1963,Spanish,Buenos Aires,,,http://www.cronica.com.ar/,Populism,"58,432",,Héctor Ricardo García,,,,,,,,,,,,,,,,,,,,,
South America,Argentina,,Diario Democracia,Daily newspaper,Other,,,,1931,Spanish,Junin,,,http://www.diariodemocracia.com/index.asp,Radicalism,,,,,,,,,,,,,,,,,,,,,,,,
South America,Argentina,,Diario Norte,Daily newspaper,Other,,,,1968,,Carlos Pellegrini 744,,,http://www.diarionorte.com/,,"17,000",,Miguel Ángel Fernández,,,,,,,,,,,,,,,,,,,,,
South America,Argentina,,El Ancasti,Daily newspaper,Other,,,,1988,,Sarmiento 518,,,http://www.elancasti.com.ar/,,"10,000",,Daniel Libardi,,,,,,,,,,,,,,,,,,,,,
South America,Argentina,,El Cronista,Daily newspaper,Other,,,,,Spanish,Buenos Aires,,,http://www.cronista.com/,Economic liberalism,,Martin Giménez Antonio,,,,,,,,,,,,,0325-5212,,,,,,,,,
South America,Argentina,,El Día,Daily newspaper,Other,El Día S.A.I.C. y F.,,,1884,,La Plata,,,http://www.eldia.com./,Centre-right,,,Raúl Kraiselburd,,,,,,,,,,,,,,,,,,,,,
South America,Argentina,,El Litoral,Daily newspaper,Other,,,,1918,,"Santa Fe, Argentina",,,http://www.ellitoral.com/,,"20,000",,Nahuel Caputto,,,,,,,,,,,,,,,,,,,,,
South America,Argentina,,El Siglo,Daily newspaper,Other,,,Héctor Rafael Lafuente,1990,Spanish,Tucumán,,,http://www.elsigloweb.com/,,,,,,,,,,,,,,,,,,,,,,,,,
South America,Argentina,,El Tribuno,Daily newspaper,Tabloid,Horizontes S.A,,,1949,,Salta,,,http://www.eltribuno.info/,Peronist,"12,400",,Juan Carlos Romero,,,,,,,,,,,,,,,,,,,,,
South America,Argentina,,La Capital,Daily newspaper,Tabloid,Grupo América,,Editorial Diario LA CAPITAL S.A.,1867,,Rosario,,,http://www.lacapital.com.ar/,,"40,000",Ovidio Lagos,Orlando Vignatti,,,,,,,,,,,,,,,,,,,,,
South America,Argentina,,La Gaceta,Daily newspaper,Other,,,,1912,,Tucumán,,,http://www.lagaceta.com.ar/,,"46,000",,Alberto García Hamilton III,,,,,,,,,,,,,,,,,,,,,
South America,Argentina,,La Nación,Daily newspaper,Tabloid,"MNMS Holding (62%), Mitre Family (20%)",,Bartolomé Mitre (great grandson),1870,Spanish,Buenos Aires,,,https://www.lanacion.com.ar/,Liberal conservatism,"160,000",Bartolomé Mitre,,,,,,,,,,,,,,,,,,,,,,
South America,Argentina,,La Nueva Provincia,Triweekly newspaper,Other,,,,1898,,Bahía Blanca,,,http://www.lanueva.com/,,"16,000",,Gustavo Elias,,,,,,,,,,,,,,,,,,,,,
South America,Argentina,,La Prensa,Daily newspaper,Other,Multimedios La Capital,,,1869,,Buenos Aires,,,http://www.laprensa.com.ar/,Liberal conservatism,"100,000",,Máximo Gainza,,,,,,,,,,,,,,,,,,,,,
South America,Argentina,,La Razón,Daily newspaper,Tabloid,Clarín Group,,,1905,,Buenos Aires,,,http://www.larazon.com.ar/,Centre,"110,000",,,,,,,,,,,,,,,,,,,,,,,
South America,Argentina,,La Vanguardia,Other,Compact,,,,1894,,Buenos Aires,,,http://www.lavanguardiadigital.com.ar/,,"280,000 (1940s)",,Américo Schvartzman,,,,,,,,,,,,,,,,,,,,,
South America,Argentina,,La Voz del Interior,Daily newspaper,Other,Grupo Clarín,,Luis Eduardo Remonda,1904,,"Córdoba, Argentina",,,http://www.lavoz.com.ar/,Conservative,"65,000",,Osvaldo Salas,,,,,,,,,,,,,,,,,,,,,
South America,Argentina,,L'Italiano,Daily newspaper,Tabloid,Cooperativa Editoriale L'Italiano,,Salvatore Santangelo,,,"Avda. Córdoba 1237 Piso 5, (1055) C.A. Buenos Aires, Argentina",,,http://www.litaliano.it,,"10,000 Daily",Gian Luigi Ferretti,,,,,,,Tullio Zembo,,,,,,1971-7776,,,,,,,,,
South America,Argentina,,Los Andes,Daily newspaper,Broadsheet,Grupo Clarín,,Gerardo Heidel,1883,,Mendoza,,,http://www.losandes.com.ar/,Conservative,"30,000",,,,,,,,,,,,,,,,,,,,,,,
South America,Argentina,,MDZ Online,Daily newspaper,Online,Terranova Family,,,2007,,Mendoza,,,http://www.mdzol.com/,,,,,,,,,,,,,,,,,,,,,,,,,
South America,Argentina,,Misiones Online,Daily newspaper,Tabloid,Marcelo Almada,,Marcelo Almada,2000,Spanish,"Coronel López 2138, 6° Piso, ",,,http://www.misionesonline.net/,Centre,"10,000 (Monday-Sunday average)",,,,,,,,,,,,,,,,,,,,,,,
South America,Argentina,,Olé,Other,Other,Grupo Clarín,,,1996,Spanish,Buenos Aires,,,http://www.ole.com.ar/,,,,,,,,,,,,,,,,,,,,,,,,,
South America,Argentina,,Página/12,Daily newspaper,Tabloid,Grupo Octubre,,Horacio Verbitsky,1987,Spanish,Buenos Aires,,,http://www.pagina12.com.ar/,Kirchnerism,"51,000",Jorge Lanata,Editorial La Página S.A.,,,,,Víctor Santa María,,,,,,,0329-1332,,,,,,,,,
South America,Argentina,,Prensa Obrera,Weekly newspaper,Tabloid,Workers' Party,,,1982,Spanish,,Buenos Aires,Argentina,http://prensaobrera.com,Left wing,,,,,,,,,,,,,,,0329-8760,,yes,,,,,,,
South America,Argentina,,Diario Río Negro,Daily newspaper,Broadsheet,,,Italo Pisani,1912,Spanish,"General Roca, Río Negro",,,http://www.rionegro.com.ar/,Centre-right,45000 (Sundays),,,,,,,,,,,,,,,,,,,,,,,
South America,Argentina,,The Southern Cross,Monthly newspaper,Other,,,,1875,,Ríobamba 451 (4°C),,,https://web.archive.org/web/20111003182512/http://tsc.com.ar/wordpress/,,,,Dr. Guillermo MacLoughlin Bréard,,,,,,,,,,,,,,,,,,,,,
South America,Argentina,,Diario de Argentina,Online newspaper,Other,,,,,,,,,https://diariodeargentina.com,,,,,,,,,,,,,,,,,,,,,,,,,
South America,Bolivia,,Bolivia,Daily newspaper,Other,Government of Bolivia,,Jimena Mercado,2019,Spanish,La Paz,,,http://www.periodicobolivia.bo,,National,,,,,,,,,,,,,,,,,,,,,,,
South America,Bolivia,,El Deber,Daily newspaper,Tabloid,Grupo El Deber,,,1953,Spanish,"Av. El Trompillo 1144, Santa Cruz de la Sierra, Bolivia",,Bolivia,http://www.eldeber.com.bo,,,Lucas Saucedo Sevilla,,,,,,,,,,,,,,,,,,,,,,
South America,Bolivia,,El Diario,Daily newspaper,Tabloid,Antonio Carrasco G.,,José Ticona E.,1904,,La Paz,,,https://www.eldiario.net/,,,,,,,,,,,,,,,,,,,,,,,,,
South America,Bolivia,,Jornada,Daily newspaper,Tabloid,AURIOS,,,1964,Spanish,,La Paz,Bolivia,http://www.jornadanet.com/,,,,,,,,,,,,,,,,,,,,,,,,,
South America,Bolivia,,Página Siete,Daily newspaper,Tabloid,,,Isabel Mercado,2010,,"La Paz, Bolivia",,,http://www.paginasiete.bo,,,,Raúl Garáfulic,,,,,,,,,,,,,,,,,,,,,
South America,Bolivia,,La Razón,Other,Other,,,,1917,Spanish,,La Paz,Bolivia,http://www.la-razon.com,,,,,,,,,,,,,,,,,,,,,,,,,
South America,Bolivia,,Los Tiempos,Daily newspaper,Other,,,,1943,Spanish,Cochabamba,,,http://www.lostiempos.com,,National,Demetrio Canelas,,,,,,,,,,,,,,,,,,,,,,
South America,Bolivia,,Cambio,Daily newspaper,Other,Government of Bolivia,,Óscar Huaygua Delgado,2009,Spanish,La Paz,,,http://www.cambio.bo,,National,,,,17 November 2019,,,,,,,,,,,,,,,,,,,
South America,Bolivia,,Bandera Roja,Weekly newspaper,Other,,,,1926,Spanish language,La Paz,,,,Socialist,,Felipe Reque Lozano,,,1927,,,,,,,,,,,,,,,,,,,
South America,Brazil,,O Globo,Daily newspaper,Broadsheet,Grupo Globo,,Ascânio Seleme,1925,Portuguese,"Rua Irineu Marinho, 35, ",,Brazil,https://oglobo.globo.com/,Centre,"320,374 ",Irineu Marinho,Infoglobo,,,,,,,,,José Roberto Serra,,,,,,,,,,,,Aluízio Maranhão
South America,Brazil,,Folha de S.Paulo,Daily newspaper,Broadsheet,Grupo Folha,,Maria Cristina Frias,1921,,"Alameda Barão de Limeira, 425, ",,Brazil,https://www.folha.uol.com.br,Pluralism,"332,415 (Total, 2019)",Olival Costa,,,,,,,,,,,,,1414-5723,,,,,,,,,Sérgio Dávila
South America,Brazil,,O Estado de S. Paulo,Daily newspaper,Broadsheet,Grupo Estado,,João Caminoto,1875,Brazilian Portuguese,"Av. Eng. Caetano Álvares, 55",,Brazil,http://www.estadao.com.br/,Liberal,"250,045 ",José Maria Lisboa,,,,,,,,,,,,,1516-2931,,,,,,,,,Antônio Carlos Pereira
South America,Brazil,,Estado de Minas,Other,Broadsheet,Diários Associados,,Carlos Marcelo Carvalho,1928,,"Av. Getúlio Vargas, 291, Funcionários",,,http://www.em.com.br,Centre,83.787,,,,,,,,,,,,,,1809-9874,,,,,,,,,
South America,Brazil,,Gazeta do Povo,Other,Other,Grupo Paranaense de Comunicação,,3 February 1919,1919,,,,,https://www.gazetadopovo.com.br,Conservative,,Benjamin Lins and Oscar Joseph de Plácido e Silva,,,,,,,,,,,,,,,,,,,,,,
South America,Brazil,,Correio Braziliense,Daily newspaper,Other,Diários Associados,,Ana Dubeux,1960,,"SIG/Sul, Quadra 2, Lote 340, Setor de Indústrias Gráficas, ",,Brazil,http://www.correiobraziliense.com.br/,,,Assis Chateaubriand,,,,,,,,,,,,,,,,,,,,,,
South America,Brazil,,Zero Hora,Daily newspaper,Broadsheet,Grupo RBS,,Ricardo Stefanelli and Marta Gleich,1964,,"Avenida Ipiranga, 1075",,,https://gauchazh.clicrbs.com.br/,,201.178 ,,,,,,,,,,,,,,,,,,,,,,,
South America,Brazil,,Jornal A Tarde,Daily newspaper,Broadsheet,A TARDE group,,,1912,Portuguese,"Professor Milton Cayres de Brito street, 204, Caminho das Árvores, in Salvador, Brazil",Bahia,Brazil,http://atarde.uol.com.br,,,Ernesto Simões Filho,,,,,,,,,,,,,,,,,,,,,,
South America,Brazil,,Progresso,Other,Other,,,,1925,,,,,https://www.progresso.com/,,,,,,,,,,,,,,,,,,,Food processing,,,"Vincent Taormina, and Joseph Uddo",,,
South America,Brazil,,O Dia,Daily newspaper,Broadsheet,Grupo O Dia,,Francisco Alves Filho,1951,,"R. dos Inválidos, 198 - Centro,",,,http://odia.ig.com.br/,,,,,,,,,,,,,,,,,,,,,,,,,
South America,Brazil,,Jornal do Brasil,Daily newspaper,Other,Omar Resende Peres Filho,,Tales Faria,1891,,"Avenida Rio Branco, 53, ",,Brazil,http://www.jb.com.br/,,,Rodolfo Dantas,,,,,,,,,,Augusto Nunes,,,,,,,,,,,,
South America,Brazil,,Correio do Povo,Daily newspaper,Tabloid,Grupo Record,,Carlos Alberto Bastos Ribeiro,1895,,"Rua Caldas Júnior 219, ",,,http://www.correiodopovo.com.br,Claims impartiality,,,,,,,,,,,,,,,,,,,,,,,,
South America,Brazil,,Notícias do Dia,Daily newspaper,Tabloid,Mário José Gonzaga Petrelli,,,,,Florianópolis,,,http://www.ricsc.com.br/,,Santa Catarina,,Grupo RIC,,,,,,,,,,,,,,,,,,,,,
South America,Brazil,,Brasil de Fato,Weekly newspaper,Broadsheet,Sociedade Editorial Brasil de Fato,,Nilton Viana,2003,,São Paulo,,,http://www.brasildefato.com.br/,,"50,000",,,,,,,,,,,,8,,,,,,,,,,,
South America,Brazil,,Cruzeiro do Sul,Daily newspaper,Broadsheet,Fundação Ubaldino do Amaral,,Valdecir Rocha Pinto,1903,,Sorocaba,,,https://web.archive.org/web/20110429081519/http://portal.cruzeirodosul.inf.br/,,,,Tiberany Ferraz dos Santos,,,,,,,,,,,,,,,,,,,,,
South America,Brazil,,Valor Econômico,Other,Other,Grupo Globo,,Vera Brandimarte,2000,,São Paulo,,Brazil,http://www.valor.com.br,Liberal,"107,000",,,,,,,,,,,,,,,,,,,,,,,
South America,Brazil,,Lance!,Other,Tabloid,,,Walter de Mattos Júnior,1997,Portuguese,"Rua Santa Maria, 47, Bairro Cidade Nova, CEP: 20211210, ",,,http://www.lancenet.com.br/,,"80,238 (2012)",,Areté Editorial S/A,,,,,,,,,,,,,,,,,,,,,
South America,Brazil,,The Rio Times,Other,Other,,,Matthias Camenzind,2009,English,Rio de Janeiro,,,http://www.riotimesonline.com/,,1.7 Million Monthly Single Page Views (as per January 2020),,,,,,,,,,,,,,,,,,,,,,,
