Region,Subregion,State/Territory,Newspaper,Type,Format,Owner(s),President,Editor,Founded,Language,Headquarters,City,Country,Website,Political alignment,Circulation,Founder(s),Publisher,Launched,Ceased publication,Motto,Key people,Official website,Availability,Broadcast area,Area,Owner,Launch date,Editor-in-chief,Associate editor,Managing editors,News editor,"Managing editor, design",Campus editor,Sports editor,Photo editor,Staff writers,,Type of site,Available in,Created by,URL,Registration,Current status,Sister newspapers,ISSN,Deputy editor,General manager,Free online archives,Industry,Area served,Products,Parent,Readership,Relaunched,Former editors,Photographer,Categories,Frequency,Founder,Year founded,Company,Based in,Director of Interactive,Opinion editor
Africa,Algeria,NULL,Echorouk El Yawmi,Daily newspaper,Tabloid,Echorouk Group,Ali Fodil,Nasreddine Kacem,1990,Arabic,"Abdelkader Sefir Press House, ",Algiers,Algeria,http://www.echoroukonline.com/ara/,,,,,,,,,,,,,,,,,,,,,,,,,,,,,,,,,,,,,,,,,,,,,,,,,,,
Africa,Algeria,NULL,El Ayem El Djazairia,Daily ,tabloid,El Ayem El Djazairia Publishing and Distribution,,Azzedine Ben Atiya,2005,Arabic,"Cite 1200Logts BT 05-06 Bab Ezzouar el Dar el baida, ",,,http://www.elayem-dz.com,Centre,"40,000 ",,,,,,,,,,,,,,,,,,,,,,,,,,,,,,,,,,,,,,,,,,,,,,,,,
Africa,Algeria,NULL,El Hayat,Daily newspaper,Tabloid,El Hayat group,,,,Arabic,,Algiers,,https://www.elhayatonline.com/category/pdf/,,,Habet Hannachi,Epcom Plus,2013,,,,,,,,,,,,,,,,,,,,,,,,,,,,,,,,,,,,,,,,,,,,,,
Africa,Algeria,NULL,El Khabar,Daily ,Tabloid,El Khabar,,kamal Djouzi,1990,"Arabic, French",Algiers,,,http://www.elkhabar.com/,Centre-left,"500,000 ",,,,,,,,,,,,,,,,,,,,,,,,,,,,,,,,,,,,,,,,,,,,,,,,,
Africa,Algeria,NULL,El Massa,Daily newspaper,Berliner,EURL El Massa,,Abderrahmane Tigane,1 October 1985,Arabic,"Maison de la presse Abdelkader Safir, Kouba , ",,,http://www.el-massa.com/,Centre,,,,,,,,,,,,,,,,,,,,,,,,,,,,,,,,,,,,,,,,,,,,,,,,,,
Africa,Algeria,NULL,El Moudjahid,Daily newspaper,,Algerian Government,,,1962,,Algiers,,,http://www.elmoudjahid.com/,,,,,,,,,,,,,,,,,,,,,,,,,,,,,,,,,,,,,,,,,,,,,,,,,,,
Africa,Algeria,NULL,Ennahar newspaper,Daily newspaper,Tabloid,Ennahar group,,,,Arabic,,Algiers,Algeria,http://www.ennaharonline.com/pdf/,,,Anis Rahmani,El-Atheer,2007,,,,,,,,,,,,,,,,,,,,,,,,,,,,,,,,,,,,,,,,,,,,,,
Africa,Algeria,NULL,Liberté,Daily newspaper,Tabloid,,,,1992,French,El Achour,,,http://www.liberte-algerie.com,,,,,,,,,,,,,,,,,,,,,,,,,,,,,,,,,,,,,,,,,,,,,,,,,,,
Africa,Algeria,NULL,El Watan,Daily ,Tabloid,SPA El Watan Presse,,Omar Belhouchet,1991,French,"Maison de La presse Tahar Djaout, 1er Mai, ",,,http://www.elwatan.com/,Centre-Right,"200,000 ",,,,,,,,,,,,,,,,,,,,,,,,,,,,,,,,,,,,,,,,,,,,,,,,,
Africa,Angola,NULL,Jornal de Angola,Daily ,Broadsheet,Edições Novembro,,Diogo Paixão,1975,,,,,http://jornaldeangola.sapo.ao/,,,,,,,,,,,,,,,,,,,,,,,,,,,,,,,,,,,,,,,,,,,,,,,,,,,
Africa,Benin,NULL,La Presse Porto-Novienne,Weekly,,,,,1931,French,Porto-Novo,,,,,,Vincent Moreira Pinto,,,,,,,,,,,,,,,,,,,,,,,,,,,,,,,,,,,,,,,,,,,,,,,,
Asia,Afghanistan,NULL,The Daily Outlook Afghanistan,Daily,broadsheet,Hussain Yasa,,,2004,English,Kabul,,,http://www.outlookafghanistan.net,,"10,000 daily",,Afghanistan Group of Newspapers,,,,,,,,,,,,,,,,,,,,,,,,,,,,,,,,,,,,,,,,,,,,,,,
Asia,Afghanistan,NULL,Afghanistan Times Daily,"Print, online",,Shafie Rahel,,,2005,English,,,,http://www.afghanistantimes.af/,Independent,,,,,,,,,,,,,,,,,,,,,,,,,,,,,,,,,,,,,,,,,,,,,,,,,,
Asia,Afghanistan,NULL,Bakhtar News Agency,News Agency,,Afghanistan Government,,,1939,"Dari, English, Pashto",,,,http://www.bakhtarnews.com.af/,Pro-government,,,,,,,,,,,,,,,,,,,,,,,,,,,,,,,,,,,,,,,,,,,,,,,,,,
Asia,Afghanistan,NULL,Kabul Weekly,Daily newspaper,,,,,1991,"English, Dari, Pashto",,,,website expired,,"10,000",,,,???,,,,,,,,,,,,,,,,,,,,,,,,,,,,,,,,,,,,,,,,,,,,,
Asia,Afghanistan,NULL,The Kabul Times,Daily newspaper,"Print, online",Government owned,,,1962,English,,,,https://thekabultimes.gov.af/,,,,,,,,,,,,,,,,,,,,,,,,,,,,,,,,,,,,,,,,,,,,,,,,,,,
Asia,Afghanistan,NULL,Khaama Press,"News Agency, Online",,,,,2010,"English, Pashto, Persian",,,Afghanistan,,,,,,,,,Khushnood Nabizada,,,,,,,,,,,,,,,,,,,,,,,,,,,,,,,,,,,,,,,,,,,
Asia,Afghanistan,NULL,Pajhwok Afghan News,"Media, Online Media, Newspaper",,,,,2003 ,"Dari, English, Pashto",,,,,,,,,,,,Danish Karokhel,,,,,Danish Karokhel,,,,,,,,,,,,,,,,,,,,,,,,,,,,,,,,,,,,,,
Asia,Afghanistan,NULL,Tatobay,Newspaper,Broadsheet,Halim & Zaki,,Salim Khan,(2006 - Present),Pashto,Kabul,,,http://Tatobaynews.com/,Independent,"(10,000 - ",Abdul Halim Hilmyar,Mohammad Naim,,,,,,,,,,,Ezatullah Zaki,,Sahil Khan,,,Maten Khan,Wakil Ahmad,Ibrahim Ayan,Akbar Aftab,,,,,,,,,,,,,,,,,,,,,,,,,,,,
Asia,Afghanistan,NULL,Yulduz,,,,,,1980,Arabic script,,,Afghanistan,,,,,,,,,,,,,,,,,,,,,,,,,,,,,,,,,,,,,,,,,,,,,,,,,,,,
Asia,Armenia,NULL,Aravot,Daily,,,,,"August 2, 1994",Armenian,"Arshakunyats Avenue, Building 2a, 15th Floor, Yerevan, Armenia",,,https://www.aravot.am/,Liberal,"2,293 (as of 2011",,,,,,,,,,,,,Aram Abrahamyan,,,,,,,,,,,,,,,,,,,,,,,,,,,,,,,,,,,,
Asia,Armenia,NULL,Azg,daily,A3,,,,1991,Armenian,"Hanrapetutyan Street, Building 47, 3rd Floor, Yerevan, Armenia",,,https://azg.am/,,"3,000",Hakob Avedikian,,,,,,,,,,,,Hakob Avedikian,,,,,,,,,,,,,,,,,,,,,,,,,,,,,,,,,,,,
Asia,Armenia,NULL,Hayastani Hanrapetutyun,Daily ,,,,,"October 9, 1990 (first issue)",Armenian,Yerevan,,,http://www.hhpress.am/,,"6,000",National Assembly of Armenia,State Press Publishing,,,,,,,,,,,,,,,,,,,,,,,,,,,,,,,,,,,,,,,,,,,,,,,
Asia,Armenia,NULL,Yerkir,Weekly newspaper,,,,,1991,,,,,,,,,,,,,,,,,,,,,,,,,,,,,,,,,,,,,,,,,,,,,,,,,,,,,,,,
Asia,Armenia,NULL,Golos Armenii,,,,,,1934,Russian language,Yerevan,,,http://golosarmenii.am,,"3,500 (as of early 2000s)",,,,,,,,,,,,,Flora Nashkharian,,,,,,,,,,,,,,,,,,,,,,,,,,,,,,,,,,,,
Asia,Azerbaijan,NULL,Azadliq,,A3,,,,24 December 1989,Azerbaijani,Baku,,,https://www.azadliq.info/,,,,,,,,,,,,,,,Ganimat Zahid,,,,,,,,,,,,,,,,,,,,,,,,,,,,,,,,,,,,
Asia,Azerbaijan,NULL,Echo,,,,,,,,,,,,,,,,2004,,,,,,,,,,,,,,,,,,,,,,,,,,,,,,,,,,,,,,,,,,,,,,
Asia,Azerbaijan,NULL,Futbol+,Daily sports newspaper,Broadsheet,,,,21 October 1997,Azerbaijani,Baku,,,http://www.football-plus.az/,,,Vugar Mammadov,,,,,,,,,,,,Mahir Rustamov,,,,,,,,,,,,,,,,Bukmeker,,,,,,,,,,,,,,,,,,,,
Asia,Azerbaijan,NULL,Birja,Weekly ,Broadsheet,"BIRJA VDV, Inc.",,,24 January  1992,,Baku,,,,,"10,000 weekly",,,,,,,,,,,,,,,,,,,,,,,,,,,,,,,,,,,,,,,,,,,,,,,,,
Asia,Azerbaijan,NULL,Akinchi,Weekly,,Hasan bey Zardabi,,,22 July 1875,Azerbaijani,Baku,,,,,300-400 (1875),,,,29 September 1877,,,,,,,,,Hasan bey Zardabi,,,,,,,,,,,,,,,,,,,,,,,,,,,,,,,,,,,,
Asia,Azerbaijan,NULL,Bauer und Arbeiter,Weekly,,,,,July 1924,German language,Baku,,,,Communist,"2,200",,"German section, ",,November 1924,,,,,,,,,A. A. Erfurt,,,,,,,,,,,,,,,,,,,,,,,,,,,,,,,,,,,,
Asia,Azerbaijan,NULL,Komanda,Daily sports newspaper,Broadsheet,,,,4 May 2008,Azerbaijani,Baku,,,,,,Kanan Mastaliyev,,,13 August 2014,,,,,,,,,Rashad Ergun,,,,,,,,,,,,,,,,,,,,,,,,,,,,,,,,,,,,
Asia,Azerbaijan,NULL,Lenins Weg,,,,,,1932,German language,Helenendorf,,,,Communist,,,,,1936,,,,,,,,,,,,,,,,,,,,,,,,,,,,,,,,,,,,,,,,,,,,,
Europe,Albania,NULL,Agon,,,,,,2007,Albanian,Tirana,,,https://web.archive.org/web/20131207005008/http://www.gazeta-agon.al/,Independent,,,,,,,,,,,,,,,,,,,,,,,,,,,,,,,,,,,,,,,,,,,,,,,,,,
Europe,Albania,NULL,Albania,,Tabloid,,,,1995,Albanian,Tirana,,,,,,,,,?,,,,,,,,,,,,,,,,,,,,,,,,,,,,,,,,,,,,,,,,,,,,,
Europe,Albania,NULL,Bashkimi,,,,,,,Albanian,Tirana,,,,,,,,,,,,,,,,,,,,,,,,,,,,,,,,,,,,,,,,,,,,,,,,,,,,,,
Europe,Albania,NULL,Ekonomia,,Tabloid,,,Ded Kola,1998,Albanian,Tirana,,,,,,,Albanian Economic Development Agency,,,,,,,,,,,,,,,,,,,,,,,,,,,,,,,,,,,,,,,,,,,,,,,
Europe,Albania,NULL,Gazeta 55,daily newspaper,Berliner,Fahri Balliu,,,18 October 1997,Albanian,"Medar Shylla Street, ",,,http://gazeta55.al/,Anti-communist,,Fahri Balliu,Gazeta 55,,,,,,,,,,,Ilir Nikolla,,,,,,,,Fahri Balliu,,,,,,,,,,,,,,,,,,,,,,,,,,,,
Europe,Albania,NULL,Gazeta Shqiptare,Daily ,Berliner,Hysenbelliu Group,,,1927,Albanian,,,,http://gsh.al,Independent,,,,,,,,,,,,,,,,,,,,,,,,,,,,,,,,,,,,,,,,,,,,,,,,,,
Europe,Albania,NULL,Gazeta Sot,Daily newspaper,Berliner,Arjan Prodani,,Anila Dodaj,26 October 2002,,Tirana,,,http://www.sot.com.al/,,,,Arjan Prodani,,,,,,,,,,,,,Kliti Topalli,,,,Adriatik Balla,Din Memaj,,,,,,,,,,,,,,,,,,,,,,,,,,,,,
Europe,Albania,NULL,Gazeta Telegraf,Daily newspaper,,,,,2005,Albanian,Tirana,,,http://gazetatelegraf.com/,,,,,,,,,,,,,,,,,,,,,,,,,,,,,,,,,,,,,,,,,,,,,,,,,,,
Europe,Albania,NULL,Iso-Polifonia,monthly,,National Music Council of Albania,,Engjëll Serjani,,Albanian,,,,,,,National Music Council of Albania,National Music Council of Albania,,,,,,,,,,,Ramadan Sokoli,,,,,,,,"Arian Avrazi, Ilir Dhuri, Lefter Cipa, Muhamet Tartari, Sejmen Gjokoli, Maksi Kulo, Thanas Dino, Shkëlqim Hajno, Shkëlqim Guçe",,,,,,,,Festival,,,,,,,,,,,,,,,,,,,,
Europe,Albania,NULL,Koha Jonë,Daily newspaper,Broadsheet,Nikoll Lesi,,,11 May 1991,Albanian,Tirana,,,http://www.kohajone.com/,"Right wing, ","7,833 (2002)",Nikoll Lesi,Nikoll Lesi,,,,,,,,,,,Qamil Xhani,,,,,,Rozalb Lika,,,,,,,,,,,,,,,,,,,,,,,,,,,,,,
Europe,Albania,NULL,Korrieri,Daily newspaper,Berliner,,,,28 March 2001,Albanian,,,,http://www.korrieri.com,Unaffiliated center left,"8,000 (2002)",,,,2009,,,,,,,,,,,,,,,,,,,,,,,,,,,,,,,,,,,,,,,,,,,,,
Europe,Albania,NULL,Mesazhieri,,,,,Suarda Dalipi,,Albanian,,,,,,,Ndue Pjetra,Ndue Pjetra,,,,,,,,,,,,,,,,,,,,,,,,,,,,,,,,,,,,,,,,,,,,,,,
Europe,Albania,NULL,Metropol,,,,,Brahim Shima,9 May 2004,Albanian,,,,,,,,Ing. Alban Xhaferi,,,,,,,,,,,,,,,,,,,,,,,,,,,,,,,,,,,,,,,,,,,,,,,
Europe,Albania,NULL,Panorama,Daily newspaper,,Irfan Hysenbelliu,,,2002,Albanian,Tirana,,,http://www.panorama.com.al/,Independent,,,,,,,,,,,,,,,,,,,,,,,,,,,,,,,vfrtgytknjn fvsasdtgf vfrtgytknjn,,,,,,,,,,,,,,,,,,,
Europe,Albania,NULL,Reporteri,,,,,,20 October 1993,,Tirana,,,,,,,University of Tirana,,,,,,,,,,,,,,,,,,,,,,,,,,,,,,,,,,,,,,,,,,,,,,,
Europe,Albania,NULL,Rilindja Demokratike,Daily ,Berliner,Democratic Party of Albania,,,5 January 1991,Albanian,Tirana,,,http://www.rilindjademokratike.com/,Part of ,Present:,,,,,,,,,,,,,Bledi Kasmi,,,,,,,,,,,,,,,,,,,,,,,,,,,,,,,,,,,,
Europe,Albania,NULL,Rimëkëmbja,,,,,,,Albanian,,,,,,,,,,,,,,,,,,,,,,,,,,,,,,,,,,,,,,,,,,,,,,,,,,,,,,,
Europe,Albania,NULL,Shekulli,Daily ,Berliner,Koço Kokëdhima,,,12 September 1997,Albanian,Tirana,,,http://www.shekulli.com.al/,Unaffiliated center left,9000 (2017),,,,,,,,,,,,,Koço Kokëdhima,,,,,,,,,,,,,,,,,,,,,,,,,,,,,,,,,,,,
Europe,Albania,NULL,Gazeta Shqip,,,Top Channel,,,13 March 2006,Albanian,,,,http://www.gazeta-shqip.com/,Democratic,,,,,,,,,,,,,,,,,,,,,,,,,,,,,,,,,,,,,,,,,,,,,,,,,,
Europe,Albania,NULL,Sporti Shqiptar,Sport,Tabloid,,,,28 November 1935,Albanian,Tirana,,,http://www.sportishqiptar.com.al/,,,"Luigj Shala, Anton Mazreku",,,,,,,,,,,,,,,,,,,,,,,,,,,,,,,,,,,,,,,,,,,,,,,,
Europe,Albania,NULL,Gazeta Tema,Daily newspaper,Broadsheet,Mero Baze,,,2000,Albanian,Tirana,,,http://www.gazetatema.net/,left-wing,"5,000 ",,,,,,,,,,,,,,,,,,,,,,,,,,,,,,,,,,,,,,,,,,,,,,,,,
Europe,Albania,NULL,Zëri i Popullit,Daily ,Broadsheet,Party of Labour of Albania,,,25 August 1942,Albanian,Tirana,,,http://zeripopullit.al/,Marxism-Leninism,"5,167 (2002)",,,,,,,,,,,,,Aldrin Dalipi,,,,,,,,,,,,,,,,,,,,,,,,,,,,,,,,,,,,
Europe,Albania,NULL,Sport Ekspres,Sport,Tabloid,Kujtim Llupo,,,5 September 1995,Albanian,Tirana,,,http://www.sportekspres.com,,,Fatmir Mëneri,,,,,,,,,,,,Blerim Jahaj,,,,,,,,,,,,,,,,,,,,,,,,,,,,,,,,,,,,
Europe,Albania,NULL,Tirana Times,Weekly newspaper,,,,,2005,English,Tirana,,,http://www.tiranatimes.com/,Independent,,,,,,,,,,,,,,Jerina Zaloshnja,,,,,,,,,,,,,,,,,,,,,,,,,,,,,,,,,,,,
Europe,Albania,NULL,Laiko Vima,bi weekly ,,,,,1945,Greek,Gjirokastër,,,http://laikovima.com/,,,,,,,,,,,,,,,,,,,,,,,,,,,,,,,,,,,,,,,,,,,,,,,,,,,
Europe,Albania,NULL,Gazeta Sportive,External site,,,,,,,,,,http://www.gazetasportive.al,,,,,,,,,,,,,,,,,,,,,,,,,,,,,,,,,,,,,,,,,,,,,,,,,,,
Europe,Albania,NULL,Gazeta Celesi,External site,,,,,,,,,,http://www.celesi.com,,,,,,,,,,,,,,,,,,,,,,,,,,,,,,,,,,,,,,,,,,,,,,,,,,,
Europe,Armenia,NULL,Aravot,Daily,,,,,"August 2, 1994",Armenian,"Arshakunyats Avenue, Building 2a, 15th Floor, Yerevan, Armenia",,,https://www.aravot.am/,Liberal,"2,293 (as of 2011",,,,,,,,,,,,,Aram Abrahamyan,,,,,,,,,,,,,,,,,,,,,,,,,,,,,,,,,,,,
Europe,Armenia,NULL,Azg,daily,A3,,,,1991,Armenian,"Hanrapetutyan Street, Building 47, 3rd Floor, Yerevan, Armenia",,,https://azg.am/,,"3,000",Hakob Avedikian,,,,,,,,,,,,Hakob Avedikian,,,,,,,,,,,,,,,,,,,,,,,,,,,,,,,,,,,,
Europe,Armenia,NULL,Hayastani Hanrapetutyun,Daily ,,,,,"October 9, 1990 (first issue)",Armenian,Yerevan,,,http://www.hhpress.am/,,"6,000",National Assembly of Armenia,State Press Publishing,,,,,,,,,,,,,,,,,,,,,,,,,,,,,,,,,,,,,,,,,,,,,,,
Europe,Armenia,NULL,Yerkir,Weekly newspaper,,,,,1991,,,,,,,,,,,,,,,,,,,,,,,,,,,,,,,,,,,,,,,,,,,,,,,,,,,,,,,,
Europe,Armenia,NULL,Golos Armenii,,,,,,1934,Russian language,Yerevan,,,http://golosarmenii.am,,"3,500 (as of early 2000s)",,,,,,,,,,,,,Flora Nashkharian,,,,,,,,,,,,,,,,,,,,,,,,,,,,,,,,,,,,
North America,Antigua and Barbuda,NULL,Outlet,Bi-weekly newspaper,,,,Tim Hector,1968,,"Saint John's, Antigua and Barbuda",Saint John's,Antigua and Barbuda,,Antigua Caribbean Liberation Movement,"5,000",,,,,,,,,,,,,,,,,,,,,,,,,,,,,,,,,,,,,,,,,,,,,,,,,
North America,Bahamas,NULL,The Nassau Guardian,Daily newspaper,,"The Nassau Guardian, LLC",,,"November 23, 1844",,"Nassau, Bahamas",,The Bahamas,http://www.thenassauguardian.com,,,Edwin Charles Moseley,,,,,,,,,,,,,,,,,,,,,,,,,,,,,,,,,,,,,,,,,,,,,,,,
North America,United States,Arizona,Arizona Daily Star,Daily newspaper,Broadsheet,Lee Enterprises,,,1877,,4850 South Park Avenue,,United States,http://www.tucson.com/,,"96,682 weekdays",,,,,,,,,,,,,,,,,,,,,,,,,,,,,,0888-546X,,,,,,,,,,,,,,,,,,,
North America,United States,Arizona,Arizona Daily Sun,Daily newspaper,,Lee Enterprises,,,,English,"Flagstaff, Arizona",,,http://www.azdailysun.com,,,,,,,,,,,,,,,,,,,,,,,,,,,,,,,,1054-9536,,,,,,,,,,,,,,,,,,,
North America,United States,Arizona,The Arizona Republic,Daily newspaper,Broadsheet,Gannett,,Greg Burton ,"May 19, 1890",,200 East ,,,https://www.azcentral.com,,"130,000",,,,,,,,,,,,,,,,,,,,,,,,,,,,,,0892-8711,,,,,,,,,,,,,,,,,,,
North America,United States,Arizona,Casa Grande Dispatch,Thrice-weekly newspaper,Broadsheet,Casa Grande Valley Newspapers Inc.,,,January 1912,,200 West Second Street,,,http://www.trivalleycentral.com,,"8,313 Daily",,,,,,,,,,,,,,,,,,,,,,,,,,,,,,,,,,,,,,,,,,,,,,,,,
North America,United States,Arizona,The Daily Courier,Daily ,Broadsheet,Western News & Info,,Tim Wiederaenders,1882,,Prescott,,,http://www.dcourier.com,,"14,963 Daily",,Kit K. Atwell,,,,,,,,,,,,,,,,,Brian M. Bergner Jr.,,,,,,,,,,,,,,,,,,,,,,,,,,,,,,
North America,United States,Arizona,The Daily Territorial,Daily ,,Wick Communications,,David Hatfield ,1966,,"PO Box 27087,",,,http://dailyterritorial.com,,424,,,,,,,,,,,,,,,,,,,,,,,,,,,,,,,,,,,,,,,,,,,,,,,,,
North America,United States,Arizona,The Kingman Daily Miner,3 times a week ,Broadsheet,Western News & Info,,,1882,,"3015 Stockton Hill Road, ",,,http://kingmandailyminer.com/,,,,,,,,,,,,,,,,,,,,,,,,,,,,,,,,,,,,,,,,,,,,,,,,,,,
North America,United States,Arizona,Mohave Valley Daily News,Newspaper,,Brehm Communications,,,,English,"2435 Miracle Mile, ",,,http://www.mohavedailynews.com/,,,,News West Publishing,,,,,,,,,,,,,,,,,,,,,,,,,,,,,,,,,,,,,,,,,,,,,,,
North America,United States,Arizona,Sierra Vista Herald,"Daily, 5 days a week ",tall tab,Wick Communications,,Timothy J. Woods,1955,English,102 Fab Avenue,,,http://myheraldreview.com/,,"6,500",,Jennifer L. Sorenson,,,,,,,,,,,,,,,,,,,,,,,,,,,,8750-3891,,,,,,,,,,,,,,,,,,,
North America,United States,Arizona,Yuma Sun,Daily newspaper,,"R.I.S.N. Operations, Inc.",Melanie Walsh,,1896,English,"Yuma, Arizona",,,http://www.yumasun.com,,,Mulford Winsor,,,,,,,,,,,,,,,,,,,,,,,,,,,,,1538-0955,,,,,,,,,,,,,,,,,,,
North America,United States,Arizona,Ahwatukee Foothills News,Weekly ,Broadsheet,Times Media Group,,Paul Maryniak,1976,,"1620 W. Fountainhead Parkway, Ste. 219",,,http://ahwatukee.com,,"28,000",,Steve Strickbine,,,,,,,,,,,,,,,,,,,,,,,,,,,,,,,,,,,,,,,,,,,,,,,
North America,United States,Arizona,Ajo Copper News,Weekly ,Tabloid,,,Gabrielle David,1916,,Ajo,,,http://www.cunews.info/,,,,"H.J. ""Hop"" David",,,,,,,,,,,,,,,,,,,,,,,,,,,,,,,,,,,,,,,,,,,,,,,
North America,United States,Arizona,Arizona Business Gazette,Weekly,,Gannett,,Kimberly Quillen ,,,"PO Box 194, ",,,http://abgnews.com,,1208,,,,,,,,,,,,,,,,,,,,,,,,,,,,,,,,,,,,,,,,,,,,,,,,,
North America,United States,Arizona,Arizona Capitol Times,Weekly newspaper,Tabloid,Gannett,,,1900,,"1835 W. Adams Street, Phoenix, AZ",,,http://www.azcapitoltimes.com,,,,Luige del Puerto,,,,,,,,,,,,,,,,,,,,,,,,,,,,,,,,,,,,,,,,,,,,,,,
North America,United States,Arizona,Arizona City Independent,Weekly Newspaper,,Casa Grande Valley Newspapers Inc.,,Donovan M. Kramer,"Required, year founded, e.g. 1876 or June 1876; see below",,"200 W 2nd St 
Casa Grande, AZ 85122-4409, United States",,,http://www.itemlive.com,,"Required. Self-reported number OK, Third-party reference better",,Donovan M. Kramer,,,,,,,,,,,,,,,,,,,,,,,,,,,,,,,,,,,,,,,,,,,,,,,
North America,United States,Arizona,Arizona Range News,Weekly newspaper,,,,,1882,,"Willcox, Arizona",,,https://www.willcoxrangenews.com,,"2,650",,Wick Communications,,,,,,,,,,,,,,,,,,,,,,,,,,,,,,,,,,,,,,,,,,,,,,,
North America,United States,Arizona,Arizona Silver Belt,Weekly Newspaper,,News Media Corporation,,,May 1878,,"Globe, Arizona",,,http://www.silverbelt.com,,"8,800",,,,,,,,,,,,,,,,,,,,,,,,,,,,,,,,,,,,,,,,,,,,,,,,,
North America,United States,Arizona,Bisbee Observer,Weekly Newspaper,,Laura Swan,,,1985,,"Bisbee, AZ",,,http://thebisbeeobserver.com,,"Required. Self-reported number OK, Third-party reference better",,,,,,,,,,,,,,,,,,,,,,,,,,,,,,,,,,,,,,,,,,,,,,,,,
North America,United States,Arizona,Chino Valley Review,,Weekly,,,Cheryl Hartz,,,"Chino Valley, Arizona, United States",,,https://www.dcourier.com/news/chino-valley-review/,,"6,305",,"Kelly Soldwedel  *  Western News & Info, Inc.",,,,,,,,,,,,,,,,,,,,,,,,,,,,,,,,,,,,,,,,,,,,,,,
North America,United States,Arizona,East Valley Tribune,Weekly ,Tabloid,Times Media Group,,Paul Maryniak,1891,,"1620 W. Fountainhead Parkway, Ste. 219",,,http://www.eastvalleytribune.com/,,"170,000",,Steve Strickbine,,,,,,,,,,,,,,,,,,,,,,,,,,,,,,,,,,,,,,,,,,,,,,,
North America,United States,Arizona,Fountain Hills Times,Weekly newspaper,broadsheet,Leslie Alan Cruikshank,,Ryan Winslett,1974,English,"16508 E. Laser Drive, Suite 101, Fountain Hills, AZ",,,http://www.fhtimes.com/,,"3,000",,Alan Cruikshank,,,,,,,,,,,,,,,,,,,,,,,,,,,,,,,,,,,,,,,,,,,,,,,
North America,United States,Arizona,Inside Tucson Business,Weekly business newspaper,Tabloid,10/13 Communications,,David Hatfield,1990,English,P.O. Box 27087,,,http://www.insidetucsonbusiness.com,,,,Thomas P. Lee,,,,,,,,,,,,,,,,,,,,,,,,,,,,1069-5184,,,,,,,,,,,,,,,,,,,
North America,United States,Arizona,Jewish News of Greater Phoenix,Weekly newspaper,,Phoenix Jewish News Inc.,,Rich Solomon,1948,,"1625 East Northern Avenue, Phoenix, Arizona",,,http://www.jewishaz.com/,,"5,950 (2010)",,,,,,,,,,,,,,,,,,,,,,,,,,,,,,1070-5848,,,,,,,,,,,,,,,,,,,
North America,United States,Arizona,Kingman Standard,Weekly ,Broadsheet,,,,,,"221 E. Beale Street, ",,,http://www.thestandardnewspaper.net/,,,,,,,,,,,,,,,,,,,,,,,,,,,,,,,,,,,,,,,,,,,,,,,,,,,
North America,United States,Arizona,Lake Powell Chronicle,Weekly newspaper,,News Media Corporation,,,,English,"Page, Arizona",,,http://www.lakepowellchronicle.com,,,,,,,,,,,,,,,,,,,,,,,,,,,,,,,,,,,,,,,,,,,,,,,,,,,
North America,United States,Arizona,Navajo-Hopi Observer,Weekly newspaper,Broadsheet,Western News & Info,,,,,"2224 E. Cedar, Suite 2",,,http://navajohopiobserver.com/,,,,Doug Wells,,,,,,,,,,,,,,,,,,,,,,,,,,,,,,,,,,,,,,,,,,,,,,,
North America,United States,Arizona,Navajo Times,weekly ,,"Navajo Times Publishing Co., Inc.",,,1959,English,Highway 264 & Route 12,,,http://www.navajotimes.com/,,,,,,,,,,,,,,,Duane A. Beyal,,,,,,,,,,,,,,,,,0470-5106,,,,,,,,,,,,,,,,,,,
North America,United States,Arizona,Nogales International,Tuesdays & Fridays ,Broadsheet,Wick Communications,,Manuel Coppola,1925,,268 W. View Point Drive,,,http://www.nogalesinternational.com,,N/A,,Manuel Coppola,,,,,,,,,,,,,,,,,,,,,,,,,,,,,,,,,,,,,,,,,,,,,,,
North America,United States,Arizona,The Northwest Explorer,Weekly newspaper,Tabloid,10/13 Communications,,Thelma Grimes,1993,English,"7225 N. Mona Lisa Road, #125",,,http://www.explorernews.com,,,,Ryan Kedzierski,,,,,,,,,,,,,,,,,,,,,,,,,,,,,,,,,,,,,,,,,,,,,,,
North America,United States,Arizona,Phoenix New Times,Media,Website,Voice Media Group,,David Hudnall,September 1970,,1201 E. Jefferson,,,http://phoenixnewtimes.com,,"79,440 (2013)",,Kurtis Barton,,,,,,,,,,,,,,,,,,,,,,,,,,,,0279-3962,,,,,,,,,,,,,,,,,,,
North America,United States,Arizona,Sedona Red Rock News,Twice weekly ,Broadsheet,Larson Newspapers,,Christopher Fox Graham,"October 3, 1963",,298 Van Deren Road ,,,http://www.redrocknews.com,,,,Robert B. Larson,,,,,,,,,,,,,,,,,,,,,,,,,,,,1044-7555,,,,,,,,,,,,,,,,,,,
North America,United States,Arizona,Sonoran News,Weekly newspaper,,,,Don Sorchych,,,"6702 E. Cave Creek Road, Suite 3., ",,,http://sonorannews.com/,Right-wing,"37,000",,Don Sorchych,,,,,,,,,,,,,,,,,,,,,,,,,,,,,,,,,,,,,,,,,,,,,,,
North America,United States,Arizona,Tucson Weekly,Alternative weekly,Tabloid,Thirteenth Street Media,,,1984,,Tucson,,,http://www.tucsonweekly.com/,,"33,000 (2019)",,,,,,,,,,,,,,,,,,,,,,,,,,,,,,0742-0692,,,,,,,,,,,,,,,,,,,
North America,United States,Arizona,Verde Independent,Thrice-weekly,,Babette Cubitt,,Dan Engler,1948,,,,,https://www.verdenews.com,,"3,000",,Babette Cubitt,,,,,,,,,,,,,,,,,,,,,,,,,,,,,,,,,,,,,,,,,,,,,,,
North America,United States,Arizona,La Voz,Weekly newspaper,Broadsheet,Gannett Company,,Elvia Díaz,January 2000,Spanish,"Phoenix, Arizona",,,http://lavozarizona.com,,,,,,,,,,,,,,,,,,,,,,,,,,,,,,,,,,,,,,,,,,,,,,,,,,,
North America,United States,Arizona,West Valley View,Weekly paper,,Times Media Group,,Niki D'Andrea,1986,English,"Avondale, Arizona",,,http://www.westvalleyview.com,,"75,000+ (as of Aug. 31, 2016)",Elliott Freireich,Steve T. Strickbine,,,,,,,,,,,,,Christina Fuoco-Karasinski,,,,,,,,,,,,,,,,,,,,,,,,,,,,,,,,,,
North America,United States,Arizona,The Catholic Sun,Monthly ,Tabloid,Diocese of Phoenix,,Robert DeFrancesco,1985,,400 E. Monroe,,,http://www.catholicsun.org/,<>,"115,000 ",,Bishop Thomas J. Olmsted,,,,,,,,,,,,,,,,,,,2,,,,,,,,,1533-0230,,,,,,,,,,,,,,,,,,,
North America,United States,Arizona,the Noise,Monthly newspaper,Tabloid,Weavel Inc,,Charles Seiverd,1993,English,POB 1637,,,http://thenoise.us,,"45,000",,Charles Seiverd,,2017,,,,,,,,,,,,,,,,,,,,,,,,,,,,,,,,,,,,,,,,,,,,,
North America,United States,Arizona,The Tombstone Epitaph,Monthly Journal,Newspaper,"Tombstone Epitaph, Inc.",,Mark Boardman,"May 1, 1880",English,"The Tombstone Epitaph, P.O. Box 1880, Tombstone, AZ 85638",,,http://www.tombstoneepitaph.com,,7000,,,,,,,,,,,,,,,,,,,,,,,,,,,,,,2157-6777,,,,,,,,,,,,,,,,,,,
North America,United States,Arizona,Valley India Times,Monthly newspaper,,,,,2000,,"Chandler, Arizona",Chandler,United States,http://www.azindiatimes.com/,,,,,,2016,,,,,,,,,,,,,,,,,,,,,,,,,,,,,,,,,,,,,,,,,,,,,
North America,United States,Arizona,Arizona Daily Wildcat,Student newspaper,tabloid,Arizona Student Media,,,1899,,Tucson,,,http://wildcat.arizona.edu/,,,,,,,,,,,,,,,,,,,,,,,,,,,,,,,,,,,,,,,,,,,,,,,,,,,
North America,United States,Arizona,The State Press,Student newspaper,Compact,Arizona State University,,,1906,,Matthews Center,,,http://www.statepress.com,,"13,500 Daily",,,,,,,,,,,,,,,,,,,,,,,,,,,,,,,,,,,,,,,,,,,,,,,,,
North America,United States,Arizona,Ádahooníłígíí,monthly ,,"Navajo Agency,",,Robert W. Young,1943,Navajo,,,,,,,,,,1957,,,,,,,,,,,,,,,,,,,,,,,,,,,,,,,,,,,,,,,,,,,,,
North America,United States,Arizona,Apache Junction News,Weekly Newspaper,"Broadsheet, Online",Chuck & Pattie Baker,,,1997,English,"Apache Junction
",,,http://www.ajnews.com/,,"35,000",,,,,,,,,,,,,,,,,,,,,,,,,,,,,,,,,,,,,,,,,,,,,,,,,
North America,United States,Arizona,The Bachelor's Beat,Weekly Newspaper.,Tabloid,Jerry Jay Evenson,,,1964,,"Phoenix, Arizona",,,http://www.TheBeatAZ.com,,,,,,2008,,,,,,,,,,,,,,,,,,,,,,,,,,,,,,,,,,,,,,,,,,,,,
North America,United States,Arizona,Phoenix Gazette,Afternoon daily newspaper,,"Central Newspapers, Inc. (1946–1997)",,,1881,English,Phoenix,,,,,,,,,1997,,,,,,,,,,,,,,,,,,,,,,,,,The Arizona Republic,,,,,,,,,,,,,,,,,,,,
North America,United States,Arizona,Tucson Citizen,Daily ,Broadsheet,Gannett,,Jennifer Boice (final print-edition editor),1870,,4850 South Park Avenue,,,http://tucsoncitizen.com,,"17,000 (May 2009)",,vacant,,"May 16, 2009 (print)",,,,,,,,,,,,,,,,,,,,,,,,,,0888-5478,,,,,,,,,,,,,,,,,,,
North America,United States,Arizona,Weekly Arizonian,Weekly newspaper,,,,,1859,English,"Tucson, Arizona",,,,,,Edward Ephraim Cross,,,1871,,,,,,,,,,,,,,,,,,,,,,,,,,,,,,,,,,,,,,,,,,,,,
North America,United States,Arizona,The Winslow Mail,Weekly Newspaper,Broadsheet,Required,,Recommended,1894,,"Winslow, Arizona, ",,,,,,,J.F. Wallace ,,2007,,,,,,,,,,,,,,,,,,,,,,,,,,,,,,,,,,,,,,,,,,,,,
North America,United States,Arizona,Arizona Daily Independent,External site,,,,,,,,,,https://arizonadailyindependent.com/,,,,,,,,,,,,,,,,,,,,,,,,,,,,,,,,,,,,,,,,,,,,,,,,,,,
Oceania,Australia,NULL,The Australian,Newspaper,Broadsheet,News Corp Australia,,Michelle Gunn,14 July 1964,,"2 Holt Street, ",,Australia,https://www.theaustralian.com.au,,"810,000 (print); 2,394,000 (cross-platform) – Sep 2019",,,,,,,,,,,,,Chris Dore,,,,,,,,,,,,,,,,,1038-8761,,,,,,,,,,,,,,,,,,,
Oceania,Australia,NULL,The Australian Financial Review,"Daily newspaper with weekend edition, AFR Weekend",Tabloid,Nine Entertainment Co.,,Paul Bailey,1951,,Sydney,,,http://www.afr.com,,"Mon–Fri: 47,200",,Nine Publishing,,,,,,,,,,,,,,,,,,,,,,,,,,,,,,,,,,,,,,,,,,,,,,,
Oceania,Australia,NULL,Guardian Australia,Online newspaper,,Guardian Media Group,,,2013,English,"Foster Street, ",,,https://www.theguardian.com/au,,,,,,,,,,,,,,,Lenore Taylor,,,,,,,,,,,,,,,,The Guardian,,,,,,,,,,,,,,,,,,,,
Oceania,Australia,NULL,The Saturday Paper,Weekly ,Compact,Schwartz Media,,Maddison Connaughton,1 March 2014,English,Carlton,,Australia,https://www.thesaturdaypaper.com.au,,"119,000 (March 2020)",,,,,,,,,,,,,,,,,,,,,,,,,,,,,,2203-3092,,,,,,,,,,,,,,,,,,,
Oceania,Australia,NULL,Green Left,Alternative weekly,Compact,Independent,,,1990; 27 years ago,English,22 Mountain St ,,,https://www.greenleft.org.au,,,,Green Left Association,,,,,,,,,,,,,,,,,,,,,,,,,,,,,,,,,,,,,,,,,,,,,,,
Oceania,Australia,NULL,Koori Mail,Biweekly,,Bunjum Co-operative; Buyinbin Inc; Kurrachee Co-operative; Bundjalung Tribal Society; Nungera Co-operative,,Rudi Maxwell,1991,,Lismore,,,http://www.koorimail.com,,,,,,,,,,,,,,,,,,,,,,,,,,,,,,,,1038-8516,,,,,,,,,,,,,,,,,,,
Oceania,Australia,NULL,Red Flag,Newspaper,,Socialist Alternative,,,12 June 2013,English,,Melbourne,Australia,https://redflag.org.au,Far-left,,,,,,,,,,,,,,,,,,,,,,,,,,,,,,,,,,,,,,,,,,,,,,,,,,
Oceania,Australia,NULL,Barrier Daily Truth,Daily ,Tabloid,Barrier Industrial Council,,Michael Murphy,1897,,"179 Blende Street,",,,https://bdtruth.com.au/,,,,,,,,,,,,,,,,,,,,,,,,,,,,,,,,,,,,,,,,,,,,,,,,,,,
Oceania,Australia,NULL,The Barrier Miner,Daily ,Tabloid,"Henry Fenton, Augustus Sydney Knight and George Alfred Mills, 1888-[1974]",,Samuel Prior,1888,,,,,"<span style=""white-space: nowrap;"">[<i><a href=""/wiki/Wikipedia:Link_rot"" title=""Wikipedia:Link rot""><span title="" Dead link since April 2020"">dead link</span></a></i>]</span>",,,,,,,,,,,,,,,,,,,,,,,,,,,,,,,,,,,,,,,,,,,,,,,,,,,
Oceania,Australia,NULL,The Age,Daily newspaper,Compact,Nine Entertainment Co.,,Was Alex Lavelle until June 2020,17 October 1854,,Melbourne,,,http://www.theage.com.au/,,"Weekday 88,000",,,,,,,,,,,,,,,,,,,,,,,,,,,,,,0312-6307,,,,,,,,,,,,,,,,,,,
Oceania,Australia,NULL,The Epoch Times,International newspaper,Broadsheet,Epoch Media Group,,,"May 20, 2000","Multiple, mainly Chinese and English",Manhattan,,,https://www.theepochtimes.com/,Right-wing,"1,314,375 (2012, unaudited)",John Tang,Epoch Media Group,,,,,,,,,,,,,,,,,,,,,,,,,,,,,,,,,,,,,,,,,,,,,,,
Oceania,Australia,NULL,Vision China Times,,,,,,,,,,,https://www.visiontimes.com.au,,,,,,,,,,,,,,,,,,,,,,,,,,,,,,,,,,Maree Ma,,,,,,,,,,,,,,,,,
Oceania,Australia,NULL,Herald Sun,Daily newspaper,Tabloid,The Herald and Weekly Times,,Damon Johnston,The Port Phillip Herald,,"The Herald and Weekly Times Tower, 40 City Road,",,,http://www.heraldsun.com.au,,,,,,,,,,,,,,,,,,,,,,,,,,,,,,,,,,,,,,,,,,,,,,,,,,,
Oceania,Australia,NULL,Sameway Magazine,Fortnightly Chinese ,Tabloid,Rejoice Chinese Christian Communication Centre Inc,,,September 2004,"Traditional Chinese, English","1f/1 Walkers Rd,",,,http://www.sameway.com.au,,"17,000",,Creative Every Day,,,,,,,,,,,Raymond Chow,,,,,,,,,,,,,,,,,1839-7913,,,,,,,,,,,,,,,,,,,
Oceania,Australia,NULL,The Advertiser,Daily newspaper,Tabloid,News Corp Australia,,Matt Deighton,1858 as The South Australian Advertiser,,"31 Waymouth Street,",,,http://www.adelaidenow.com.au/,,,Rev John Henry Barrow,,,,,,,,,,,,Matt Deighton,,,,,,,,,,,,,,,,,,,,,,,,,,,,,,,,,,,,
Oceania,Australia,NULL,Bendigo Advertiser,,Tabloid,Australian Community Media,,,1853,,"67–71 Williamson Street, ",,,http://www.bendigoadvertiser.com.au,,,,,,,,,,,,,,,,,,,,,,,,,,,,,,,,,,,,,,,,,,,,,,,,,,,
Oceania,Australia,NULL,Castlemaine Mail,Weekly newspaper,Compact,Elliott Midland Newspapers Pty Ltd,,Lisa Dennis,13 May 1854,,"29 Templeton Street, ",,,https://www.castlemainemail.com.au/,,"3,000",,,,,,,,,,,,,,,,,,,,,,,,,,,,,,1448-935X,,,,,,,,,,,,,,,,,,,
Oceania,Australia,NULL,Colac Herald,3 times a week,Tabloid,Greenstone Media Pty Ltd,,,1868,,"37-41 Bromfield Street, ",,,http://www.colacherald.com.au//,,,,,,,,,,,,,,,,,,,,,,,,,,,,,,,,,,,,,,,,,,,,,,,,,,,
Oceania,Australia,NULL,The Courier,Daily newspaper,Compact,,,Eugene Duffy,1867,,Ballarat,,,http://www.thecourier.com.au/,,Mon-Fri: 9200,Robert Clark,Australian Community Media,,,,,,,,,,,,,,,,,,,,,,,,,,,,,,,,,,,,,,,,,,,,,,,
Oceania,Australia,NULL,Geelong Advertiser,Daily newspaper,Tabloid,News Corp Australia,,Elise Potter,21 November 1840,,"126 Little Malop Street,",,,http://www.geelongadvertiser.com.au/,,,,,,,,,,,,,,,,,,,,,,,,,,,,,,,,,,,,,,,,,,,,,,,,,,,
Oceania,Australia,NULL,Hamilton Spectator,Tri-weekly,Tabloid (7 columns),Hamilton Spectator Partnership Pty Ltd,,Wayne Drew,1859,,"59 Gray Street,",,,http://www.spec.com.au/,,,,Richard Leopold Jacobus Beks,,,,,,,,,,,,,,,,,Pat Koopman,,,,,,,,,,,,,,,,,,,,,,,,,,,,,,
Oceania,Australia,NULL,Midland Express,Weekly newspaper,Compact,Elliott Midland Newspapers Pty Ltd,,Angela Crawford,30 October 1979,,"3 Market Street, ",,,https://www.midlandexpress.com.au/,,"22,000 ",,,,,,,,,,,,,,,,,,,,,,,,,,,,,,,,,,,,,,,,,,,,,,,,,
Oceania,Australia,NULL,The North Central Review,Weekly newspaper,Tabloid,The North Central Review Pty Ltd,,Lauren Duffy,2004,,3/87 Sydney Street,,,http://ncreview.com.au,,,,,,,,,,,,,,,,,,,,,,,,,,,,,,,,,,,,,,,,,,,,,,,,,,,
Oceania,Australia,NULL,Portland Observer,Weekly newspaper,,,,Michael Leighton,,,4747 NE Martin Luther King Jr. Blvd,Portland,United States,http://portlandobserver.com/,,,Alfred L. Henderson,Mark Washington,,,,,,,,,,,,,,,,,,,,,,,,,,,,,,,https://oregonnews.uoregon.edu/lccn/sn83025151/issues/first_pages/,,,,,,,,,,,,,,,,
Oceania,Australia,NULL,Shepparton News,Local newspaper,Paper and Online,McPherson Media Group,,Cameron Whitely,1887,English,"7940 Goulburn Valley Hwy, Shepparton, Vic, 3630",,,https://www.sheppnews.com,,,,,,,,,,,,,,,,,,,,,,,,,,,,,,,,,,,,,,,,,,,,,,,,,,,
Oceania,Australia,NULL,Sunraysia Daily,Daily ,Tabloid,Elliott Newspaper Group,,,1920,,"Deakin Ave, Mildura",,,http://www.sunraysiadaily.com.au,,,,,,,,,,,,,,,,,,,,,,,,,,,,,,,,,,,,,,,,,,,,,,,,,,,
Oceania,Australia,NULL,Brisbane Times,News site,Online,Nine Entertainment Co.,,Danielle Cronin,7 March 2007,English,Brisbane,,,http://www.brisbanetimes.com.au,,,,,,,,,,,,,,,,,,,,,,,,,,,,,,,,,,,,,,,,,,,,,,,,,,,
Oceania,Australia,NULL,The Courier-Mail,Daily newspaper,Tabloid,News Corp Australia,,Sam Weir,1846,English,Brisbane,,,http://www.couriermail.com.au,,"172,801 Monday–Friday",,Queensland Newspapers,,,,,,,,,,,,,,,,,,,,,,,,,,,,1322-5235,,,,,,,,,,,,,,,,,,,
Oceania,Australia,NULL,Quest Community Newspapers,,,,,,July 1985,,Brisbane,,,http://questnews.com.au/,,,,,,,,,,,,,,,,,,,,,,,,,,,,,,,,,,,,Media,,,,,,,,,,,,,,,
Oceania,Australia,NULL,Stanthorpe Border Post,newspaper,Tabloid,News Corp Australia,,,20 July 1872,English,Stanthorpe,,,http://www.stanthorpeborderpost.com.au,,"1,793 Tuesday & Thursday",,,,,,,,,,,,,,,,,,,,,,,,,,,,,,,,,,,,,,,,,,,,,,,,,
Oceania,Australia,NULL,NewsMail,Daily newspaper,Tabloid,News Corp Australia,,Megan Sheehan,1925,English,Bundaberg,,,http://www.news-mail.com.au,,Monday - Friday: 6500,,,,,,,,,,,,,,,,,,,,,,,,,,,,,,,,,,,,,,,,,,,,,,,,,
Oceania,Australia,NULL,The Cairns Post,Daily ,Tabloid,News Limited,,Jennifer Spilsbury,10 May 1883,,Cairns,,,http://www.cairnspost.com.au/,,,,,,,,,,,,,,,,,,,,,,,,,,,,,,,,,,,,,,,,,,,,,,,,,,,
Oceania,Australia,NULL,Chinchilla News and Murilla Advertiser,Weekly Newspaper,,APN News & Media,,,14 December 1907,,,,,https://www.chinchillanews.com.au,,,John Hay Braddock,,,,,,,,,,,,,,,,,,,,,,,,,,,,,,,,,,,,,,,,,,,,,,,,
Oceania,Australia,NULL,Daily Mercury,Newspaper,Tabloid,News Corp Australia,,Rae Wilson,1867,English,Mackay,,,http://www.dailymercury.com.au/,Centre-Left,"16,045 Monday-Friday ",,,,,,,,,,,,,,,,,,,,,,,,,,,,,,,,,,,,,,,,,,,,,,,,,
Oceania,Australia,NULL,The Observer,newspaper,Tabloid,News Corp Australia,,,1867,English,Gladstone,,,http://www.gladstoneobserver.com.au,,"7,171 Monday-Friday",,,,,,,,,,,,,,,,,,,,,,,,,,,,,,,,,,,,,,,,,,,,,,,,,
Oceania,Australia,NULL,Gold Coast Bulletin,Daily,,News Corp Australia,,,,English,,Southport,Australia,http://goldcoast.com.au/,,,Patrick Joseph McNamara,,,,,,,,,,,,,,,,,,,,,,,,,,,,,,,,,,,,,,,,,,,,,,,,
Oceania,Australia,NULL,Gold Coast Sun,Weekly ,,,,,,,,,,http://www.goldcoast.com.au/,Centre-Left,,,,,,,,,,,,,,,,,,,,,,,,,,,,,,,,,,,,,,,,,,,,,,,,,,
Oceania,Australia,NULL,The Gympie Times,newspaper,Tabloid,News Corp Australia,,Shelley Strachan,1867,English,Gympie,,,http://www.gympietimes.com.au,,"5,644 Monday-Friday",,,,,,,,,,,,,,,,,,,,,,,,,,,,,,,,,,,,,,,,,,,,,,,,,
Oceania,Australia,NULL,The Morning Bulletin,newspaper,Tabloid,News Corp Australia,,Frazer Pearce,9 July 1861,English,Rockhampton,,,http://www.themorningbulletin.com.au,,"14,700 Monday–Friday ",,,,,,,,,,,,,,,,,,,,,,,,,,,,,,,,,,,,,,,,,,,,,,,,,
Oceania,Australia,NULL,The Queensland Times,newspaper,Tabloid,APN News & Media,,,1859,English,"Ipswich, Queensland",,,http://www.qt.com.au,,"10,804 Monday-Friday",,,,,,,,,,,,,,,,,,,,,,,,,,,,,,,,,,,,,,,,,,,,,,,,,
Oceania,Australia,NULL,Sunshine Coast Daily,Daily newspaper,Tabloid,News Corp Australia,,,,English,Newspaper Place and Dalton Drive,,,https://www.sunshinecoastdaily.com.au/,,"11,885 Monday–Friday",,,,,,,,,,,,,,,,,,,,,,,,,,,,,,,,,,,,,,,,,,,,,,,,,
Oceania,Australia,NULL,Tablelands Advertiser,Weekly ,Tabloid,News Limited,,Pasco Rogato,,,"Mareeba, Queensland",,,http://www.newsspace.com.au/tablelands_advertiser,,,,,,,,,,,,,,,,,,,,,,,,,,,,,,,,,,,,,,,,,,,,,,,,,,,
Oceania,Australia,NULL,The Toowoomba Chronicle,Newspaper,Tabloid,News Corp Australia,,Steve Etwell,1922,English,Toowoomba,,,http://www.thechronicle.com.au,,"22,808 Monday-Friday",,,,,,,,,,,,,,,,,,,,,,,,,,,,,,,,,,,,,,,,,,,,,,,,,
Oceania,Australia,NULL,Townsville Bulletin,Monday - Saturday ,Tabloid,News Corp Australia,,Craig Warhurst,1881,English,Townsville,,,http://www.townsvillebulletin.com.au/,,"84,000 Monday-Friday",,Queensland Newspapers,,,,,,,,,,,,,,,,,,,,,,,,,,,,,,,,,,,,,,,,,,,,,,,
Oceania,Australia,NULL,Warwick Daily News,newspaper,Tabloid,News Corp Australia,,,1919,English,Warwick,,,http://www.warwickdailynews.com.au,,"3,218 Monday-Friday",,,,,,,,,,,,,,,,,,,,,,,,,,,,,,,,,,,,,,,,,,,,,,,,,
Oceania,Australia,NULL,Fremantle Herald,newspaper,,Andrew Smith,,,1989,,corner of ,,,http://www.fremantleherald.com/,,,,,,,,,,,,,,,,,,,,,,,,,,,,,,,Melville City Herald,,,,,,,,,,,,,,,,,,,,
Oceania,Australia,NULL,The Sunday Times,Sunday newspaper,Tabloid,Seven West Media,,Michael Beach,February 1897,,"50 Hasler Road, ",Perth,Australia,http://www.perthnow.com.au,,"184,486 (as of June 2016)",,,,,,,,,,,,,,,,,,,,,,,,,,,,,The West Australian,1442-9527,,,,,,,,"496,000",,,,,,,,,,,
Oceania,Australia,NULL,The West Australian,Daily ,Tabloid,Seven West Media,,Anthony De Ceglie,5 January 1833,,"50 Hasler Road,",,,http://www.thewest.com.au/,Centre-right,,,,,,,,,,,,,,,,,,,,,,,,,,,,,,,0312-6323,,,,,,,,,,,,,,,,,,,
Oceania,Australia,NULL,Albany Advertiser,Bi-weekly,,Seven West Media,,,1888,,,Perth,Australia,,,,"Lancel Victor De Hamel, William Forster",,,,,,,,,,,,,,,,,,,,,,,,,,,,,,,,,,,,,,,,,,,,,,,,
Oceania,Australia,NULL,The Bunbury Herald,Weekly,,,,,1892,,,Bunbury,Australia,,,,Stephen J Cusack,,,1929,,,,,,,,,,,,,,,,,,,,,,,,,,2200-4181,,,,,,,,,,,,,,,,,,,
Oceania,Australia,NULL,Coolgardie Miner,,,,,John Drake (1894-),1894,,,,,,,,William Edward Clare,,,,,,,,,,,,,,,,,,,,,,,,,,,,,,,,,,,,,,,,,,,,,,,,
Oceania,Australia,NULL,Geraldton Guardian,,,,,"H Allerton Cowper, R M Cochrane",1906,,,Geraldton,Australia,,,,"Edward Constantine, Frederick Gardner",,,,,,,,,,,,,,,,,,,,,,,,,,,,,1443-3346,,,,,,,,,,,,,,,,,,,
Oceania,Australia,NULL,Gnowangerup Star,,,,,Margaret Walker,1915,English,,,Australia,,,,Augustine Walker,,,2003,,,,,,,,,,,,,,,,,,,,,,,,,,,,,,,,,,,,,,,,,,,,,
Oceania,Australia,NULL,Great Southern Herald,,,,,,1901,,,Katanning,Australia,,,,,,,,,,,,,,,,,,,,,,,,,,,,,,,,,,,,,,,,,,,,,,,,,,,,
Oceania,Australia,NULL,Kalgoorlie Miner,,,Hocking & Co. Pty Ltd,,,1895,English,Kalgoorlie,,,https://www.kalminer.com.au,,,Sidney Hocking,,,,,,,,,,,,,,,,,,,,,,,,,,,,,1322-6681,,,,,,,,,,,,,,,,,,,
Oceania,Australia,NULL,Adelaide Review,,,,,Amanda Pepe,,English,,,,http://www.adelaidereview.com.au,,"22,000 (2018)",,Opinion Media,,,,,,,,,,,,,,,,,,,,,,,,,,,,,,,,,,,,,,,,,Monthly,Christopher Pearson,1985,,Adelaide,,
Oceania,Australia,NULL,The Border Watch,Newspaper,Tabloid,Scott Group of Companies,,Brett Kennedy,"April 26, 1861",English,81 Commercial Street East,Mount Gambier,Australia,http://www.borderwatch.com.au/,,,A F Laurie,,,,,,,,,,,,,,,,,,Trevor Jackson,,,,,,,,,,,1329-5195,,,,,,,,,,,,,,,,,,,
Oceania,Australia,NULL,The Recorder,Weekly newspaper,,Australian Community Media,,,21 March 1885 ,English,,Port Pirie,Australia,http://www.portpirierecorder.com.au,,,Alfred Edward South and Charles Meyrick,,,,,,,,,,,,,,,,,,,,,,,,,,,,,,,,,,,,,,,,,,,,,,,,
Oceania,Australia,NULL,The Mercury,Daily newspaper,Tabloid,News Corp Australia,,Jenna Cairney,1854,,"Level 1, 2 Salamanca Square, ",,,http://www.themercury.com.au/,,"44,317 (Weekdays)",,,,,,,,,,,,,,,,,,,,,,,,,,,,,,1039-9992,,,,,,,,,,,,,,,,,,,
Oceania,Australia,NULL,The Advocate,Daily ,Tabloid,Australian Community Media,,Luke Sayer,1 October 1890,,"54 Mount St,",,,http://www.theadvocate.com.au/,,,,,,,,,,,,,,,,,,,,,,,,,,,,,,,,,,,,,,,,,,,,,,,,,,,
Oceania,Australia,NULL,The Examiner,Daily ,Tabloid,Australian Community Media,,Courtney Greisbach,12 March 1842,,"71-75 Paterson Street,",,,http://www.examiner.com.au,,,,,,,,,,,,,,,,,Mark Baker,,,,,,,,,,,,,,,,,,,,,,,,,,,,,,,,,,
Oceania,Australia,NULL,Northern Territory News,Daily ,Tabloid,News Corp Australia,,Matt Williams,8 February 1952,,Printers Place ,,,http://www.ntnews.com.au/,,,,,,,,,,,,,,,,,,,,,,,,,,,,,,,,,,,,,,,,,,,,,,,,,,,
Oceania,Australia,NULL,Centralian Advocate,Online newspaper,Tabloid,News Corp Australia,,,24 May 1947,,Gap Road ,,,http://www.alicenow.com.au/,,,,,,,,,,,,,,,,,,,,,,,,,,,,,,,,,,,,,,,,,,,,,,,,,,,
Oceania,Australia,NULL,The Canberra Times,Daily newspaper,Compact,Australian Community Media,,,1926,,"9 Pirie Street, ",,,http://www.canberratimes.com.au/,,,,,,,,,,,,,,,,,,,,,,,,,,,,,,,,,,,,,,,,,,,,,,,,,,,
Oceania,Australia,NULL,The Good Neighbour,monthly bulletin,broadsheet,,,Australian Department of Immigration,August 1950,English,Canberra,,,,,,,,,,,,,,,,,,,,,,,,,,,,,,,,,,,,,,,,,,,,,,,,,,,,,,
Oceania,Fiji,NULL,Fiji Focus,bi-monthly,,Government of Fiji,,,"June 13, 2009",English,Suva,,,http://www.fiji.gov.fj/index.php?option=com_docman&task=cat_view&gid=63&Itemid=158&limitstart=55,pro-government,,,Ministry of Information,,,,,,,,,,,,,,,,,,,,,,,,,,,,,,,,,,,,,,,,,,,,,,,
Oceania,Fiji,NULL,Fiji Sun,Daily ,Tabloid,Sun (Fiji) News Pte Limited,,,September 1999,English,"20 Gorrie Street, ",,,http://www.fijisun.com.fj/,,"Up to 30,000",,Peter Lomas,,,,,,,,,,,Nemani Delaibatiki,,,,,,Leone Cabenatabua,,,,,,,,,,,,,,,,,,,,,,,,,,,,,,
South America,Argentina,NULL,Ámbito Financiero,Daily ,,Editorial Amfin S.A.,,,1976,Spanish,Buenos Aires,,,http://www.ambito.com/,Liberalism,"100,000",,Orlando Vignatti,,,,,,,,,,,,,,,,,,,,,,,,,,,,,,,,,,,,,,,,,,,,,,,
South America,Argentina,NULL,Argentinisches Tageblatt,Daily ,broadsheet,,,,1878,,Buenos Aires,,,http://www.tageblatt.com.ar/,Centrist,"15,000",,Roberto Alemann,,,,,,,,,,,,,,,,,,,,,,,,,,,,,,,,,,,,,,,,,,,,,,,
South America,Argentina,NULL,Buenos Aires Herald,Daily ,Berliner,Editorial Amfin S.A.,,Sebastián Lacunza,1876,English,SA The Buenos Aires Herald San Juan 141 1063 Buenos Aires Argentina,,,http://web.archive.org/web/20170201102216/http://www.buenosairesherald.com/,,"29,000",,,,2017,,,,,,,,,,,,,,,,,,,,,,,,,,,,,,,,,,,,,,,,,,,,,
South America,Argentina,NULL,Clarín,Daily ,Tabloid,Clarín Group,,Ricardo Kirschbaum,1945,,Buenos Aires,,,http://www.clarin.com/,Social liberalism,"270,444 (Print, 2012)",,,,,,,,,,,,,,,,,,,,,,,,,,,,,,,,,,,,,,,,,,,,,,,,,
South America,Argentina,NULL,Crónica,Daily ,,Alta Densidad S.R.L.,,,1963,Spanish,Buenos Aires,,,http://www.cronica.com.ar/,Populism,"58,432",,Héctor Ricardo García,,,,,,,,,,,,,,,,,,,,,,,,,,,,,,,,,,,,,,,,,,,,,,,
South America,Argentina,NULL,Diario Democracia,Daily newspaper,,,,,17 October 1931,Spanish,Junin,,,http://www.diariodemocracia.com/index.asp,Radicalism,,,,,,,,,,,,,,,,,,,,,,,,,,,,,,,,,,,,,,,,,,,,,,,,,,
South America,Argentina,NULL,Diario Norte,Daily ,,,,,1968,,Carlos Pellegrini 744,,,http://www.diarionorte.com/,,"17,000",,Miguel Ángel Fernández,,,,,,,,,,,,,,,,,,,,,,,,,,,,,,,,,,,,,,,,,,,,,,,
South America,Argentina,NULL,El Ancasti,Daily ,,,,,1988,,Sarmiento 518,,,http://www.elancasti.com.ar/,,"10,000",,Daniel Libardi,,,,,,,,,,,,,,,,,,,,,,,,,,,,,,,,,,,,,,,,,,,,,,,
South America,Argentina,NULL,El Cronista,Daily ,,,,,,Spanish,Buenos Aires,,,http://www.cronista.com/,Economic liberalism,,Martin Giménez Antonio,,,,,,,,,,,,,,,,,,,,,,,,,,,,,0325-5212,,,,,,,,,,,,,,,,,,,
South America,Argentina,NULL,El Día,Daily newspaper,,El Día S.A.I.C. y F.,,,1884,,La Plata,,,http://www.eldia.com./,centre-right,,,Raúl Kraiselburd,,,,,,,,,,,,,,,,,,,,,,,,,,,,,,,,,,,,,,,,,,,,,,,
South America,Argentina,NULL,El Litoral,Daily ,,,,,1918,,"Santa Fe, Argentina",,,http://www.ellitoral.com/,,"20,000",,Nahuel Caputto,,,,,,,,,,,,,,,,,,,,,,,,,,,,,,,,,,,,,,,,,,,,,,,
South America,Argentina,NULL,El Siglo,Daily ,,,,Héctor Rafael Lafuente,1990,Spanish,Tucumán,,,http://www.elsigloweb.com/,,,,,,,,,,,,,,,,,,,,,,,,,,,,,,,,,,,,,,,,,,,,,,,,,,,
South America,Argentina,NULL,El Tribuno,Daily ,tabloid,Horizontes S.A,,,1949,,Salta,,,http://www.eltribuno.info/,Peronist,"12,400",,Juan Carlos Romero,,,,,,,,,,,,,,,,,,,,,,,,,,,,,,,,,,,,,,,,,,,,,,,
South America,Argentina,NULL,La Capital,Daily ,Tabloid,Grupo América,,Editorial Diario LA CAPITAL S.A.,15 November 1867,,Rosario,,,http://www.lacapital.com.ar/,,"40,000",Ovidio Lagos,Orlando Vignatti,,,,,,,,,,,,,,,,,,,,,,,,,,,,,,,,,,,,,,,,,,,,,,,
South America,Argentina,NULL,La Gaceta,Daily ,,,,,1912,,Tucumán,,,http://www.lagaceta.com.ar/,,"46,000",,Alberto García Hamilton III,,,,,,,,,,,,,,,,,,,,,,,,,,,,,,,,,,,,,,,,,,,,,,,
South America,Argentina,NULL,La Nación,Daily newspaper,Tabloid,"MNMS Holding (62%), Mitre Family (20%)",,Bartolomé Mitre (great grandson),4 January 1870,Spanish,Buenos Aires,,,https://www.lanacion.com.ar/,Liberal conservatism,"160,000",Bartolomé Mitre,,,,,,,,,,,,,,,,,,,,,,,,,,,,,,,,,,,,,,,,,,,,,,,,
South America,Argentina,NULL,La Nueva Provincia,Three times per week ,,,,,1898,,Bahía Blanca,,,http://www.lanueva.com/,,"16,000",,Gustavo Elias,,,,,,,,,,,,,,,,,,,,,,,,,,,,,,,,,,,,,,,,,,,,,,,
South America,Argentina,NULL,La Prensa,Daily ,,Multimedios La Capital,,,1869,,Buenos Aires,,,http://www.laprensa.com.ar/,Liberal conservatism,"100,000",,Máximo Gainza,,,,,,,,,,,,,,,,,,,,,,,,,,,,,,,,,,,,,,,,,,,,,,,
South America,Argentina,NULL,La Razón,Daily ,Tabloid,Clarín Group,,,1905,,Buenos Aires,,,http://www.larazon.com.ar/,Centrist,"110,000",,,,,,,,,,,,,,,,,,,,,,,,,,,,,,,,,,,,,,,,,,,,,,,,,
South America,Argentina,NULL,La Vanguardia,irregularly-published ,compact,,,,"April 7, 1894",,Buenos Aires,,,http://www.lavanguardiadigital.com.ar/,,"280,000 (1940s)",,Américo Schvartzman,,,,,,,,,,,,,,,,,,,,,,,,,,,,,,,,,,,,,,,,,,,,,,,
South America,Argentina,NULL,La Voz del Interior,Daily ,,Grupo Clarín,,Luis Eduardo Remonda,1904,,"Córdoba, Argentina",,,http://www.lavoz.com.ar/,Conservatism,"65,000",,Osvaldo Salas,,,,,,,,,,,,,,,,,,,,,,,,,,,,,,,,,,,,,,,,,,,,,,,
South America,Argentina,NULL,L'Italiano,Daily ,Tabloid,Cooperativa Editoriale L'Italiano,,Salvatore Santangelo,,,"Avda. Córdoba 1237 Piso 5, (1055) C.A. Buenos Aires, Argentina",,,http://www.litaliano.it,,"10,000 Daily",Gian Luigi Ferretti,,,,,,,,,,,,,,Tullio Zembo,,,,,,,,,,,,,,,1971-7776,,,,,,,,,,,,,,,,,,,
South America,Argentina,NULL,Los Andes,Daily ,Broadsheet,Grupo Clarín,,Gerardo Heidel,"October 20, 1883
",,Mendoza,,,http://www.losandes.com.ar/,Conservatism,"30,000",,,,,,,,,,,,,,,,,,,,,,,,,,,,,,,,,,,,,,,,,,,,,,,,,
South America,Argentina,NULL,MDZ Online,Daily ,Online newspaper,Terranova Family,,,August 2007,,Mendoza,,,http://www.mdzol.com/,,,,,,,,,,,,,,,,,,,,,,,,,,,,,,,,,,,,,,,,,,,,,,,,,,,
South America,Argentina,NULL,Misiones Online,Daily ,Tabloid,Marcelo Almada,,Marcelo Almada,10 April 2000,Spanish,"Coronel López 2138, 6° Piso, ",,,http://www.misionesonline.net/,Centrism,"10,000 (Monday-Sunday average)",,,,,,,,,,,,,,,,,,,,,,,,,,,,,,,,,,,,,,,,,,,,,,,,,
South America,Argentina,NULL,Olé,Daily sports newspaper,,Grupo Clarín,,,"May 23, 1996",Spanish,Buenos Aires,,,http://www.ole.com.ar/,,,,,,,,,,,,,,,,,,,,,,,,,,,,,,,,,,,,,,,,,,,,,,,,,,,
South America,Argentina,NULL,Página/12,Daily ,Tabloid,Grupo Octubre,,Horacio Verbitsky,26 May 1987,Spanish,Buenos Aires,,,http://www.pagina12.com.ar/,Kirchnerism,"51,000",Jorge Lanata,Editorial La Página S.A.,,,,,,,,,,,Víctor Santa María,,,,,,,,,,,,,,,,,0329-1332,,,,,,,,,,,,,,,,,,,
South America,Argentina,NULL,Prensa Obrera,weekly newspaper,Tabloid,Workers' Party,,,"December 14, 1982",Spanish,,Buenos Aires,Argentina,http://prensaobrera.com,Left wing,,,,,,,,,,,,,,,,,,,,,,,,,,,,,,,0329-8760,,,yes,,,,,,,,,,,,,,,,
South America,Argentina,NULL,Diario Río Negro,Daily ,Broadsheet,,,Italo Pisani,1912,Spanish,"General Roca, Río Negro",,,http://www.rionegro.com.ar/,Centre-Right,45000 (Sundays),,,,,,,,,,,,,,,,,,,,,,,,,,,,,,,,,,,,,,,,,,,,,,,,,
South America,Argentina,NULL,The Southern Cross,Monthly ,,,,,1875,,Ríobamba 451 (4°C),,,https://web.archive.org/web/20111003182512/http://tsc.com.ar/wordpress/,,,,Dr. Guillermo MacLoughlin Bréard,,,,,,,,,,,,,,,,,,,,,,,,,,,,,,,,,,,,,,,,,,,,,,,
South America,Argentina,NULL,Diario de Argentina,External site,,,,,,,,,,https://diariodeargentina.com,,,,,,,,,,,,,,,,,,,,,,,,,,,,,,,,,,,,,,,,,,,,,,,,,,,
South America,Bolivia,NULL,Bolivia,Daily newspaper,Berliner,Government of Bolivia,,Jimena Mercado,18 November 2019,Spanish,La Paz,,,http://www.periodicobolivia.bo,,National,,,,,,,,,,,,,,,,,,,,,,,,,,,,,,,,,,,,,,,,,,,,,,,,,
South America,Bolivia,NULL,El Deber,Daily newspaper,Tabloid,Grupo El Deber,,,1953,Spanish,"Av. El Trompillo 1144, Santa Cruz de la Sierra, Bolivia",,Bolivia,http://www.eldeber.com.bo,,,Lucas Saucedo Sevilla,,,,,,,,,,,,,,,,,,,,,,,,,,,,,,,,,,,,,,,,,,,,,,,,
South America,Bolivia,NULL,El Diario,Daily ,Tabloid,Antonio Carrasco G.,,José Ticona E.,1904,,La Paz,,,https://www.eldiario.net/,,,,,,,,,,,,,,,,,,,,,,,,,,,,,,,,,,,,,,,,,,,,,,,,,,,
South America,Bolivia,NULL,Jornada,Daily newspaper,Tabloid,AURIOS,,,4 November 1964,Spanish,,La Paz,Bolivia,http://www.jornadanet.com/,,,,,,,,,,,,,,,,,,,,,,,,,,,,,,,,,,,,,,,,,,,,,,,,,,,
South America,Bolivia,NULL,Página Siete,Daily newspaper,Tabloid,,,Isabel Mercado,24 April 2010,,"La Paz, Bolivia",,,http://www.paginasiete.bo,,,,Raúl Garáfulic,,,,,,,,,,,,,,,,,,,,,,,,,,,,,,,,,,,,,,,,,,,,,,,
South America,Bolivia,NULL,La Razón,,,,,,1917,Spanish,,La Paz,Bolivia,http://www.la-razon.com,,,,,,,,,,,,,,,,,,,,,,,,,,,,,,,,,,,,,,,,,,,,,,,,,,,
South America,Bolivia,NULL,Los Tiempos,Daily newspaper,Berliner,,,,16 September 1943,Spanish,Cochabamba,,,http://www.lostiempos.com,,National,Demetrio Canelas,,,,,,,,,,,,,,,,,,,,,,,,,,,,,,,,,,,,,,,,,,,,,,,,
South America,Bolivia,NULL,Cambio,Daily newspaper,Berliner,Government of Bolivia,,Óscar Huaygua Delgado,22 January 2009,Spanish,La Paz,,,http://www.cambio.bo,,National,,,,17 November 2019,,,,,,,,,,,,,,,,,,,,,,,,,,,,,,,,,,,,,,,,,,,,,
South America,Bolivia,NULL,Bandera Roja,Weekly,,,,,"June 8, 1926",Spanish language,La Paz,,,,Socialist,,Felipe Reque Lozano,,,1927,,,,,,,,,,,,,,,,,,,,,,,,,,,,,,,,,,,,,,,,,,,,,
South America,Brazil,NULL,O Globo,Daily newspaper,Broadsheet,Grupo Globo,,Ascânio Seleme,29 July 1925,Portuguese,"Rua Irineu Marinho, 35, ",,Brazil,https://oglobo.globo.com/,Centrism,"320,374 ",Irineu Marinho,Infoglobo,,,,,,,,,,,,,,,,,,José Roberto Serra,,,,,,,,,,,,,,,,,,,,,,,,,,,,,Aluízio Maranhão
South America,Brazil,NULL,Folha de S.Paulo,Daily newspaper,Broadsheet,Grupo Folha,,Maria Cristina Frias,"February 19, 1921",,"Alameda Barão de Limeira, 425, ",,Brazil,https://www.folha.uol.com.br,Pluralism,"332,415 (Total, 2019)",Olival Costa,,,,,,,,,,,,,,,,,,,,,,,,,,,,,1414-5723,,,,,,,,,,,,,,,,,,,Sérgio Dávila
South America,Brazil,NULL,O Estado de S. Paulo,Daily newspaper,Broadsheet,Grupo Estado,,João Caminoto,4 January 1875,Brazilian Portuguese,"Av. Eng. Caetano Álvares, 55",,Brazil,http://www.estadao.com.br/,Liberalism,"250,045 ",José Maria Lisboa,,,,,,,,,,,,,,,,,,,,,,,,,,,,,1516-2931,,,,,,,,,,,,,,,,,,,Antônio Carlos Pereira
South America,Brazil,NULL,Estado de Minas,,Broadsheet,Diários Associados,,Carlos Marcelo Carvalho,"March 7, 1928",,"Av. Getúlio Vargas, 291, Funcionários",,,http://www.em.com.br,centre,83.787,,,,,,,,,,,,,,,,,,,,,,,,,,,,,,1809-9874,,,,,,,,,,,,,,,,,,,
South America,Brazil,NULL,Gazeta do Povo,Digital newspaper,"Magazine (weekly)
",Grupo Paranaense de Comunicação,,3 February 1919,3 February 1919,,,,,https://www.gazetadopovo.com.br,Conservative,,Benjamin Lins and Oscar Joseph de Plácido e Silva,,,,,,,,,,,,,,,,,,,,,,,,,,,,,,,,,,,,,,,,,,,,,,,,
South America,Brazil,NULL,Correio Braziliense,Daily newspaper,,Diários Associados,,Ana Dubeux,"April 21, 1960",,"SIG/Sul, Quadra 2, Lote 340, Setor de Indústrias Gráficas, ",,Brazil,http://www.correiobraziliense.com.br/,,,Assis Chateaubriand,,,,,,,,,,,,,,,,,,,,,,,,,,,,,,,,,,,,,,,,,,,,,,,,
South America,Brazil,NULL,Zero Hora,Daily ,Broadsheet,Grupo RBS,,Ricardo Stefanelli and Marta Gleich,1964,,"Avenida Ipiranga, 1075",,,https://gauchazh.clicrbs.com.br/,,201.178 ,,,,,,,,,,,,,,,,,,,,,,,,,,,,,,,,,,,,,,,,,,,,,,,,,
South America,Brazil,NULL,Jornal A Tarde,Daily newspaper,Broadsheet,A TARDE group,,,"October 15, 1912",Portuguese,"Professor Milton Cayres de Brito street, 204, Caminho das Árvores, in Salvador, Brazil",Bahia,Brazil,http://atarde.uol.com.br,,,Ernesto Simões Filho,,,,,,,,,,,,,,,,,,,,,,,,,,,,,,,,,,,,,,,,,,,,,,,,
South America,Brazil,NULL,Progresso,,,,,,"New Orleans, Louisiana (1925",,,,,https://www.progresso.com/,,,,,,,,,,,,,,,,,,,,,,,,,,,,,,,,,,,,Food processing,,,,,,,,,,"Vincent Taormina, and Joseph Uddo",,,,,
South America,Brazil,NULL,O Dia,Daily newspaper,Broadsheet,Grupo O Dia,,Francisco Alves Filho,5 June 1951,,"R. dos Inválidos, 198 - Centro,",,,http://odia.ig.com.br/,,,,,,,,,,,,,,,,,,,,,,,,,,,,,,,,,,,,,,,,,,,,,,,,,,,
South America,Brazil,NULL,Jornal do Brasil,Daily newspaper,Berliner,Omar Resende Peres Filho,,Tales Faria,"April 9, 1891",,"Avenida Rio Branco, 53, ",,Brazil,http://www.jb.com.br/,,,Rodolfo Dantas,,,,,,,,,,,,,,,,,,,Augusto Nunes,,,,,,,,,,,,,,,,,,,,,,,,,,,,,
South America,Brazil,NULL,Correio do Povo,Daily ,Tabloid,Grupo Record,,Carlos Alberto Bastos Ribeiro,"October 1, 1895",,"Rua Caldas Júnior 219, ",,,http://www.correiodopovo.com.br,Claims impartiality,,,,,,,,,,,,,,,,,,,,,,,,,,,,,,,,,,,,,,,,,,,,,,,,,,
South America,Brazil,NULL,Notícias do Dia,Daily ,Tabloid,Mário José Gonzaga Petrelli,,,,,Florianópolis,,,http://www.ricsc.com.br/,,Santa Catarina,,Grupo RIC,,,,,,,,,,,,,,,,,,,,,,,,,,,,,,,,,,,,,,,,,,,,,,,
South America,Brazil,NULL,Brasil de Fato,Weekly newspaper,Broadsheet,Sociedade Editorial Brasil de Fato,,Nilton Viana,"January 25, 2003",,São Paulo,,,http://www.brasildefato.com.br/,,"50,000",,,,,,,,,,,,,,,,,,,,,8,,,,,,,,,,,,,,,,,,,,,,,,,,,,
South America,Brazil,NULL,Cruzeiro do Sul,Daily ,Broadsheet,Fundação Ubaldino do Amaral,,Valdecir Rocha Pinto,1903,,Sorocaba,,,https://web.archive.org/web/20110429081519/http://portal.cruzeirodosul.inf.br/,,,,Tiberany Ferraz dos Santos,,,,,,,,,,,,,,,,,,,,,,,,,,,,,,,,,,,,,,,,,,,,,,,
South America,Brazil,NULL,Valor Econômico,Business newspaper,,Grupo Globo,,Vera Brandimarte,2 May 2000,,São Paulo,,Brazil,http://www.valor.com.br,Liberalism,"107,000",,,,,,,,,,,,,,,,,,,,,,,,,,,,,,,,,,,,,,,,,,,,,,,,,
South America,Brazil,NULL,Lance!,National daily sports ,Tabloid,,,Walter de Mattos Júnior,"October 26, 1997 ",Portuguese,"Rua Santa Maria, 47, Bairro Cidade Nova, CEP: 20211210, ",,,http://www.lancenet.com.br/,,"80,238 (2012)",,Areté Editorial S/A,,,,,,,,,,,,,,,,,,,,,,,,,,,,,,,,,,,,,,,,,,,,,,,
South America,Brazil,NULL,The Rio Times,"Online news and features services, and monthly printed newspaper",,,,Matthias Camenzind,"March 2009 (11 years, 4 months)",English,Rio de Janeiro,,,http://www.riotimesonline.com/,,1.7 Million Monthly Single Page Views (as per January 2020),,,,,,,,,,,,,,,,,,,,,,,,,,,,,,,,,,,,,,,,,,,,,,,,,
